timestamp,open,high,low,close,volume
2020-01-20,8701.74,8736.0,8507.78,8628.29,1140.143432
2020-01-21,8630.84,8770.02,8464.0,8722.88,1081.022087
2020-01-22,8726.62,8794.99,8564.01,8659.85,918.078698
2020-01-23,8659.61,8666.66,8278.15,8385.81,1376.540484
2020-01-24,8389.49,8510.0,8217.0,8427.05,1007.691748
2020-01-25,8421.34,8430.48,8255.49,8321.75,1284.674808
2020-01-26,8319.8,8598.87,8282.3,8594.47,810.911562
2020-01-27,8597.96,8989.98,8551.0,8893.08,1388.564242
2020-01-28,8897.68,9407.0,8878.28,9383.36,2344.796226
2020-01-29,9385.14,9429.57,9224.99,9286.24,1631.714756
2020-01-30,9287.4,9570.0,9167.87,9503.02,1893.492894
2020-01-31,9500.52,9516.12,9190.25,9336.47,1184.322419
2020-02-01,9342.29,9453.47,9285.57,9373.98,773.921583
2020-02-02,9376.25,9471.83,9141.55,9323.16,859.401803
2020-02-03,9322.99,9635.44,9215.08,9284.34,1292.863662
2020-02-04,9282.94,9340.0,9080.0,9165.38,1244.843802
2020-02-05,9165.38,9748.15,9147.11,9608.61,2056.806029
2020-02-06,9612.19,9856.0,9527.68,9751.18,2276.680264
2020-02-07,9752.42,9874.8,9711.97,9802.83,1363.847783
2020-02-08,9806.79,9949.0,9653.77,9905.84,899.660232
2020-02-09,9900.56,10180.1,9886.35,10160.05,928.233527
2020-02-10,10161.59,10198.75,9734.05,9846.31,2193.938727
2020-02-11,9846.31,10375.57,9711.11,10270.33,2096.946678
2020-02-12,10272.85,10484.24,10243.27,10342.56,1997.977104
2020-02-13,10337.88,10523.04,10076.4,10226.99,1819.930787
2020-02-14,10230.17,10473.25,10090.81,10366.36,1761.364676
2020-02-15,10366.36,10396.15,9763.02,9903.32,1640.274225
2020-02-16,9903.32,10058.89,9629.54,9924.02,1320.140314
2020-02-17,9924.02,9969.98,9463.32,9696.72,1352.874403
2020-02-18,9711.53,10290.03,9602.99,10189.33,1714.428845
2020-02-19,10187.38,10261.71,9282.31,9596.27,2443.815084
2020-02-20,9590.13,9708.79,9390.0,9611.02,2099.782542
2020-02-21,9603.41,9764.09,9567.2,9695.98,1040.939561
2020-02-22,9692.35,9715.0,9571.11,9663.0,387.770351
2020-02-23,9667.83,10024.98,9658.34,9965.21,1472.777249
2020-02-24,9970.45,10027.97,9480.0,9655.43,1340.871291
2020-02-25,9653.87,9684.8,9234.69,9306.76,1943.867967
2020-02-26,9310.31,9365.16,8592.32,8780.77,2954.93626
2020-02-27,8774.01,8974.57,8522.0,8816.11,2294.888766
2020-02-28,8821.51,8900.0,8433.85,8711.66,1562.055406
2020-02-29,8707.89,8796.43,8518.54,8530.76,807.797798
2020-03-01,8521.86,8758.14,8400.0,8536.92,1170.514515
2020-03-02,8524.53,8972.41,8485.23,8917.2,1074.476145
2020-03-03,8918.55,8924.65,8652.87,8759.65,2194.902877
2020-03-04,8762.19,8850.0,8670.01,8754.17,1644.699532
2020-03-05,8762.08,9172.0,8757.78,9069.17,1592.882436
2020-03-06,9064.07,9181.0,9000.41,9157.0,1492.817246
2020-03-07,9154.19,9215.43,8851.93,8894.8,954.98361
2020-03-08,8891.42,8891.42,8000.0,8039.5,1962.328556
2020-03-09,8033.35,8193.93,7627.0,7928.04,3175.383004
2020-03-10,7934.92,8151.12,7730.98,7893.35,2959.425439
2020-03-11,7880.57,7985.0,7587.76,7933.67,1943.090019
2020-03-12,7940.39,7963.78,4434.34,4778.78,9695.746984
2020-03-13,4793.55,6000.0,3777.0,5626.4,10346.57788
2020-03-14,5623.53,5664.13,5051.19,5176.65,4387.85747
2020-03-15,5170.89,5967.95,5085.89,5352.0,4163.509956
2020-03-16,5342.42,5351.08,4431.17,5037.63,8331.851885
2020-03-17,5040.0,5560.99,4933.11,5333.65,5054.378849
2020-03-18,5328.1,5455.61,5011.21,5407.0,4251.4074
2020-03-19,5415.34,6425.0,5265.77,6179.2,5975.211126
2020-03-20,6179.2,6940.0,5666.0,6202.87,6862.125382
2020-03-21,6203.59,6470.0,5860.48,6192.01,4223.638796
2020-03-22,6191.54,6420.0,5745.58,5821.77,4360.337588
2020-03-23,5819.1,6646.66,5685.97,6494.48,5391.907304
2020-03-24,6494.48,6863.34,6400.0,6768.65,4585.7364
2020-03-25,6768.65,6985.41,6457.21,6699.77,3549.333198
2020-03-26,6698.97,6797.1,6523.0,6763.79,2349.132149
2020-03-27,6768.42,6870.0,6258.83,6366.2,2689.791715
2020-03-28,6363.52,6363.52,6025.54,6252.07,2352.932648
2020-03-29,6263.95,6280.59,5869.12,5879.48,2023.013205
2020-03-30,5881.29,6628.0,5856.5,6407.42,3574.518529
2020-03-31,6407.44,6528.73,6335.74,6424.02,1781.951729
2020-04-01,6426.58,6700.0,6158.0,6661.64,2981.162887
2020-04-02,6662.1,7278.3,6575.55,6796.72,5555.403653
2020-04-03,6796.72,7055.52,6611.02,6742.92,3713.519292
2020-04-04,6739.75,7025.2,6652.66,6871.65,3231.62308
2020-04-05,6876.31,6912.43,6679.53,6781.73,1990.10956
2020-04-06,6781.74,7371.85,6775.0,7337.8,4091.850743
2020-04-07,7341.71,7469.98,7068.43,7199.22,2622.011183
2020-04-08,7204.24,7429.62,7151.02,7357.04,1945.969476
2020-04-09,7372.89,7377.2,7110.0,7292.45,1935.894431
2020-04-10,7291.46,7303.53,6740.0,6870.67,3185.139889
2020-04-11,6876.92,6955.31,6767.19,6887.07,1666.27038
2020-04-12,6887.04,7200.05,6788.23,6905.16,2148.096335
2020-04-13,6905.37,6907.69,6570.34,6859.41,2278.395647
2020-04-14,6859.47,6989.2,6770.0,6875.39,1434.649688
2020-04-15,6871.72,6938.46,6605.95,6624.99,2307.634027
2020-04-16,6621.55,7223.3,6474.81,7112.41,4130.857956
2020-04-17,7115.27,7154.86,6998.0,7035.1,1796.164997
2020-04-18,7029.24,7303.0,7015.01,7262.93,1444.258303
2020-04-19,7257.67,7278.63,7055.85,7132.36,1165.901247
2020-04-20,7127.34,7230.0,6756.96,6837.45,2925.990684
2020-04-21,6834.71,6953.2,6775.61,6855.3,2237.617776
2020-04-22,6852.4,7168.61,6823.9,7134.69,2017.584074
2020-04-23,7138.17,7764.0,7028.71,7491.48,3161.599945
2020-04-24,7488.04,7614.92,7384.13,7511.89,1924.637463
2020-04-25,7511.89,7718.94,7439.23,7548.14,1118.634086
2020-04-26,7543.84,7712.78,7482.3,7703.79,1356.648632
2020-04-27,7705.81,7813.1,7635.0,7788.4,1920.50281
2020-04-28,7790.96,7796.24,7669.61,7754.0,1577.545787
2020-04-29,7754.0,8972.75,7715.77,8788.16,6101.143433
2020-04-30,8786.38,9474.88,8405.0,8625.19,4438.173424
2020-05-01,8625.19,9073.81,8619.7,8828.12,2311.270768
2020-05-02,8828.14,9021.43,8762.18,8986.69,2060.509643
2020-05-03,8979.71,9204.69,8725.4,8903.84,2981.982351
2020-05-04,8903.84,8967.13,8533.0,8880.96,2795.608731
2020-05-05,8885.48,9123.26,8769.11,9030.89,2411.435324
2020-05-06,9029.78,9416.27,8919.41,9148.29,3947.673579
2020-05-07,9148.4,10077.91,9030.52,10001.4,3828.831987
2020-05-08,10001.4,10050.0,9720.19,9811.32,2840.983037
2020-05-09,9810.98,9920.73,9511.02,9536.22,2284.433747
2020-05-10,9534.61,9570.0,8102.0,8726.3,5659.636839
2020-05-11,8730.77,9175.0,8194.68,8566.56,4796.326187
2020-05-12,8564.9,8981.13,8534.48,8817.57,2355.631249
2020-05-13,8816.57,9414.92,8797.23,9324.0,2631.038128
2020-05-14,9318.59,9950.23,9259.59,9794.43,4371.643237
2020-05-15,9794.43,9850.0,9117.45,9306.5,4028.865795
2020-05-16,9311.16,9586.28,9213.25,9379.94,1830.275255
2020-05-17,9378.56,9891.0,9321.05,9675.4,1874.185594
2020-05-18,9678.01,9952.34,9456.61,9724.12,2514.587064
2020-05-19,9728.99,9900.0,9463.81,9775.34,2774.536767
2020-05-20,9782.35,9837.65,9281.45,9518.26,2158.69057
2020-05-21,9505.01,9569.44,8799.0,9059.64,3977.075322
2020-05-22,9062.66,9262.71,8922.42,9163.51,1609.891863
2020-05-23,9170.24,9311.16,9083.02,9179.88,1304.988525
2020-05-24,9175.24,9306.5,8680.0,8697.91,1805.757177
2020-05-25,8713.51,8975.0,8627.0,8898.35,1829.152227
2020-05-26,8901.22,9010.0,8690.02,8837.36,1760.971659
2020-05-27,8842.38,9226.17,8806.1,9204.61,1981.919093
2020-05-28,9208.43,9626.56,9108.64,9576.09,2136.486263
2020-05-29,9580.26,9607.8,9326.0,9427.44,1567.766031
2020-05-30,9428.65,9760.4,9330.0,9700.13,2014.705291
2020-05-31,9700.13,9705.12,9383.73,9445.53,1229.924677
2020-06-01,9439.23,10400.0,9414.06,10218.43,3060.068808
2020-06-02,10217.09,10240.91,9158.32,9518.99,4074.379979
2020-06-03,9514.77,9699.57,9380.59,9662.18,1639.929453
2020-06-04,9663.23,9888.49,9450.0,9790.41,2321.006042
2020-06-05,9787.82,9853.9,9584.31,9618.84,1756.909461
2020-06-06,9609.74,9741.77,9526.46,9663.5,924.024059
2020-06-07,9664.45,9818.82,9360.01,9752.26,2143.490614
2020-06-08,9757.97,9820.0,9637.19,9784.02,1204.942546
2020-06-09,9785.37,9891.94,9575.0,9780.98,1628.3855
2020-06-10,9775.91,10010.93,9687.34,9887.41,1590.6847
2020-06-11,9894.87,9975.5,9051.6,9269.2,4331.731541
2020-06-12,9263.64,9551.89,9225.62,9461.82,1469.160726
2020-06-13,9464.35,9499.0,9352.18,9475.46,807.899757
2020-06-14,9476.34,9480.65,9242.09,9332.88,818.514827
2020-06-15,9332.88,9505.1,8894.73,9429.96,2591.718406
2020-06-16,9426.0,9588.23,9373.68,9524.81,2030.381543
2020-06-17,9524.82,9563.66,9230.3,9449.59,1572.621087
2020-06-18,9457.03,9478.11,9266.81,9376.01,1169.671894
2020-06-19,9376.01,9428.0,9230.0,9300.2,1603.699959
2020-06-20,9289.44,9397.0,9160.56,9352.19,834.786123
2020-06-21,9356.0,9421.0,9269.99,9282.1,1036.866648
2020-06-22,9281.68,9795.51,9262.68,9684.52,2294.826801
2020-06-23,9692.36,9720.0,9572.18,9618.01,1469.281554
2020-06-24,9621.72,9662.87,9187.29,9285.43,2576.452305
2020-06-25,9280.38,9335.54,8981.4,9243.33,1649.513931
2020-06-26,9237.01,9289.05,9025.0,9150.85,1454.275048
2020-06-27,9159.03,9188.62,8822.3,9004.76,1469.167173
2020-06-28,9000.19,9188.6,8938.52,9105.45,750.446306
2020-06-29,9116.61,9234.47,9013.5,9188.46,1185.015219
2020-06-30,9189.13,9202.4,9054.38,9136.76,1141.505441
2020-07-01,9128.88,9295.27,9088.64,9234.43,1344.406799
2020-07-02,9231.68,9266.16,8942.0,9088.69,1744.943295
2020-07-03,9088.27,9125.23,9039.71,9063.09,853.977468
2020-07-04,9058.62,9197.98,9042.87,9136.42,633.644414
2020-07-05,9137.67,9147.79,8908.24,9076.59,614.046038
2020-07-06,9077.42,9375.0,9059.2,9342.59,1303.887253
2020-07-07,9342.6,9382.1,9203.33,9252.41,944.874876
2020-07-08,9258.51,9479.11,9230.0,9440.25,3160.104662
2020-07-09,9436.78,9444.79,9157.11,9238.32,1212.734419
2020-07-10,9231.82,9313.79,9117.84,9288.56,1654.430327
2020-07-11,9291.13,9300.05,9182.78,9235.47,676.837738
2020-07-12,9234.42,9345.55,9157.02,9298.95,1079.482221
2020-07-13,9301.49,9345.48,9194.85,9235.95,1766.795476
2020-07-14,9238.13,9276.25,9055.55,9255.66,1845.720804
2020-07-15,9256.03,9274.87,9153.12,9188.6,1488.26233
2020-07-16,9190.05,9217.05,9032.08,9130.02,1759.742932
2020-07-17,9130.44,9182.69,9077.72,9154.34,1392.658604
2020-07-18,9154.34,9211.86,9121.14,9176.49,753.828053
2020-07-19,9171.99,9239.94,9104.48,9215.03,772.650891
2020-07-20,9215.03,9224.56,9131.57,9161.77,794.219626
2020-07-21,9159.99,9438.0,9154.71,9395.22,1456.264877
2020-07-22,9395.21,9569.57,9275.0,9538.76,1236.62989
2020-07-23,9538.76,9677.14,9446.8,9613.28,1398.725455
2020-07-24,9609.57,9647.78,9472.68,9549.4,1129.406448
2020-07-25,9549.4,9747.36,9537.57,9711.84,927.57587
2020-07-26,9710.1,10208.94,9658.57,9940.27,2552.835357
2020-07-27,9941.17,11422.53,9932.58,11042.86,5308.356741
2020-07-28,11043.16,11258.65,10578.57,10931.86,2890.298188
2020-07-29,10928.8,11357.0,10851.29,11114.24,1840.667463
2020-07-30,11107.14,11188.82,10833.0,11115.56,1298.279825
2020-07-31,11113.99,11458.91,10972.41,11357.54,2360.259224
2020-08-01,11353.48,11886.57,11237.08,11811.74,2713.195617
2020-08-02,11811.74,12145.97,10547.0,11069.42,3191.335909
2020-08-03,11070.7,11484.89,10937.96,11234.98,1650.553321
2020-08-04,11230.0,11425.93,11000.0,11195.83,1378.457682
2020-08-05,11198.22,11798.99,11071.0,11757.18,1733.611887
2020-08-06,11757.86,11913.7,11571.49,11768.34,1770.786317
2020-08-07,11768.98,11920.0,11333.0,11606.13,1880.107166
2020-08-08,11606.17,11821.08,11520.76,11771.41,1372.100719
2020-08-09,11772.16,11820.52,11531.21,11689.95,972.451215
2020-08-10,11689.95,12090.63,11491.96,11898.32,2046.354793
2020-08-11,11899.59,11941.18,11124.72,11383.14,2887.515621
2020-08-12,11387.66,11625.21,11138.23,11570.23,1618.772414
2020-08-13,11567.35,11807.64,11271.66,11796.62,2221.335221
2020-08-14,11795.88,11862.8,11652.26,11777.15,1646.588308
2020-08-15,11773.36,11990.0,11680.0,11859.35,1401.723556
2020-08-16,11852.39,11942.5,11688.39,11919.41,948.450467
2020-08-17,11915.67,12480.89,11776.0,12295.64,2126.05343
2020-08-18,12296.65,12396.46,11800.0,11954.1,1755.918214
2020-08-19,11950.64,12022.79,11567.0,11760.63,2162.696072
2020-08-20,11760.55,11891.13,11670.54,11858.93,911.335536
2020-08-21,11857.63,11887.16,11489.99,11527.46,1331.699823
2020-08-22,11525.69,11690.36,11372.33,11669.62,1046.781791
2020-08-23,11669.63,11719.22,11520.66,11650.81,641.233773
2020-08-24,11653.07,11828.15,11588.82,11755.27,898.363479
2020-08-25,11747.69,11770.7,11116.0,11322.62,1588.299354
2020-08-26,11319.99,11550.0,11250.33,11467.44,1154.29425
2020-08-27,11463.17,11602.7,11123.9,11325.22,1161.419314
2020-08-28,11330.94,11550.1,11281.92,11531.57,889.852574
2020-08-29,11530.1,11585.64,11420.33,11474.18,623.958588
2020-08-30,11469.02,11718.2,11461.56,11713.0,790.619914
2020-08-31,11717.05,11787.17,11573.76,11655.09,851.849807
2020-09-01,11658.82,12061.07,11530.81,11925.74,1649.513788
2020-09-02,11923.83,11955.0,11156.44,11396.66,2211.49865
2020-09-03,11400.41,11474.39,9969.0,10143.92,2844.210429
2020-09-04,10155.83,10636.86,9900.0,10454.03,2627.68198
2020-09-05,10452.31,10569.97,9830.0,10167.28,2344.168178
2020-09-06,10169.52,10350.0,9994.61,10254.99,1374.774653
2020-09-07,10251.91,10415.16,9875.38,10372.63,2388.368662
2020-09-08,10375.01,10444.09,9842.1,10126.48,2345.992361
2020-09-09,10123.5,10346.15,9979.24,10223.77,1421.799289
2020-09-10,10216.21,10495.0,10163.21,10344.45,1337.211112
2020-09-11,10338.73,10409.11,10200.02,10397.18,1172.864711
2020-09-12,10397.88,10477.46,10274.04,10445.21,757.344134
2020-09-13,10444.0,10580.0,10209.01,10329.34,1274.889527
2020-09-14,10331.43,10752.86,10245.71,10678.83,2054.280678
2020-09-15,10673.09,10931.96,10606.97,10786.07,1494.960191
2020-09-16,10789.7,11100.0,10654.43,10952.23,1466.156942
2020-09-17,10943.1,11050.0,10731.56,10938.92,1375.577106
2020-09-18,10940.51,11043.36,10806.0,10932.57,1249.725103
2020-09-19,10936.97,11179.11,10889.83,11076.61,588.034368
2020-09-20,11081.22,11083.12,10738.89,10918.48,880.198823
2020-09-21,10923.33,10991.01,10288.39,10415.5,1613.783164
2020-09-22,10417.56,10573.12,10354.4,10530.78,1053.065752
2020-09-23,10531.68,10536.58,10115.91,10233.0,2717.68128
2020-09-24,10238.47,10798.77,10191.52,10738.15,1248.467571
2020-09-25,10736.94,10766.76,10555.56,10690.85,1114.063521
2020-09-26,10691.73,10831.85,10649.44,10729.14,589.824044
2020-09-27,10727.59,10800.06,10591.0,10778.72,679.708474
2020-09-28,10776.92,10950.4,10617.1,10692.36,1049.413344
2020-09-29,10688.82,10862.97,10628.8,10839.26,894.985688
2020-09-30,10840.82,10847.57,10658.56,10777.46,868.448671
2020-10-01,10780.07,10936.49,10405.0,10615.5,1912.899979
2020-10-02,10611.22,10663.23,10367.95,10574.78,1847.860803
2020-10-03,10573.61,10606.17,10500.0,10550.14,573.2123
2020-10-04,10545.11,10697.31,10506.14,10674.48,614.551414
2020-10-05,10667.77,10800.17,10617.91,10792.4,851.122406
2020-10-06,10800.63,10801.88,10522.26,10599.19,1358.524537
2020-10-07,10599.59,10679.68,10545.0,10669.32,965.650535
2020-10-08,10668.85,10965.0,10533.1,10926.95,1716.12982
2020-10-09,10930.67,11112.95,10826.18,11055.52,1852.830949
2020-10-10,11059.59,11492.79,11056.66,11303.45,1280.492933
2020-10-11,11300.32,11444.72,11260.0,11371.57,819.721421
2020-10-12,11370.57,11730.49,11182.0,11542.2,1383.916329
2020-10-13,11535.99,11561.54,11310.27,11424.23,1016.634388
2020-10-14,11425.2,11556.87,11290.53,11420.11,896.904601
2020-10-15,11424.59,11623.0,11260.28,11511.37,1177.340056
2020-10-16,11511.36,11547.32,11190.0,11327.55,1202.690586
2020-10-17,11329.21,11417.06,11263.0,11366.33,626.082568
2020-10-18,11365.42,11519.34,11353.36,11510.61,375.722861
2020-10-19,11514.4,11833.0,11409.78,11754.84,1508.37379
2020-10-20,11757.96,12046.0,11680.05,11921.81,1963.240168
2020-10-21,11921.81,13245.46,11900.29,12801.56,3580.933915
2020-10-22,12799.37,13200.0,12695.11,12990.1,1948.67431
2020-10-23,12981.32,13036.53,12734.31,12939.75,1350.429569
2020-10-24,12940.6,13180.0,12889.12,13123.74,993.922849
2020-10-25,13119.41,13364.46,12857.71,13043.18,1022.837706
2020-10-26,13043.18,13247.0,12766.46,13070.49,1391.820691
2020-10-27,13065.1,13791.6,13052.47,13643.3,2110.301615
2020-10-28,13651.33,13860.0,12888.88,13264.85,2752.279578
2020-10-29,13271.77,13648.22,12972.96,13461.81,2005.227098
2020-10-30,13464.42,13676.11,13122.02,13566.03,1586.484651
2020-10-31,13568.26,14099.0,13427.77,13808.83,1272.640494
2020-11-01,13796.37,13902.99,13629.97,13760.58,879.214203
2020-11-02,13771.58,13840.05,13211.39,13566.71,1271.4237
2020-11-03,13574.34,14100.0,13293.1,14022.84,1438.203219
2020-11-04,14031.94,14269.92,13540.0,14156.17,2164.78655
2020-11-05,14162.63,15775.51,14107.65,15613.73,3086.816168
2020-11-06,15610.63,15972.33,15192.77,15595.73,2452.203239
2020-11-07,15595.12,15773.58,14357.57,14842.37,2161.533705
2020-11-08,14828.81,15667.32,14717.0,15488.84,1277.90506
2020-11-09,15479.68,15866.47,14819.62,15330.07,2794.568756
2020-11-10,15355.12,15473.48,15086.2,15311.77,1483.016956
2020-11-11,15313.08,16000.0,15288.89,15703.83,1512.415182
2020-11-12,15698.21,16358.84,15465.81,16309.37,2173.446839
2020-11-13,16310.36,16492.0,15969.84,16339.61,1632.159756
2020-11-14,16336.79,16342.5,15717.98,16077.58,981.052379
2020-11-15,16084.16,16167.51,15785.31,15962.96,782.982456
2020-11-16,15971.77,16889.75,15881.83,16719.51,1618.139641
2020-11-17,16715.84,17867.37,16555.14,17678.6,2132.126969
2020-11-18,17673.27,18495.22,16750.0,17785.01,3275.695407
2020-11-19,17795.15,18191.89,17357.03,17826.53,1458.692718
2020-11-20,17821.86,18829.25,17763.1,18673.57,1400.487294
2020-11-21,18669.17,18980.0,18349.12,18714.75,1175.804099
2020-11-22,18714.73,18768.0,17350.0,18441.3,1440.619473
2020-11-23,18440.92,18775.0,18006.09,18393.15,1581.478606
2020-11-24,18382.71,19444.96,18034.96,19163.15,2308.513302
2020-11-25,19166.74,19494.79,18433.45,18732.28,2048.862797
2020-11-26,18722.41,18919.73,16189.27,17162.79,4054.983792
2020-11-27,17170.63,17467.09,16449.45,17136.39,2121.255159
2020-11-28,17146.61,17900.0,16870.84,17736.03,1433.370752
2020-11-29,17732.33,18360.04,17538.88,18191.57,1236.353018
2020-11-30,18201.7,19887.29,18201.7,19693.65,2768.984051
2020-12-01,19701.05,19906.0,18098.37,18788.98,3134.006443
2020-12-02,18776.34,19345.57,18335.02,19217.38,1658.737747
2020-12-03,19217.39,19614.19,18599.0,19440.77,1872.247084
2020-12-04,19440.77,19539.51,18578.82,18654.34,1985.625639
2020-12-05,18641.49,19188.69,18500.0,19156.53,1164.424005
2020-12-06,19148.26,19430.77,18872.19,19378.79,884.65894
2020-12-07,19383.97,19438.0,18908.45,19173.93,1013.654872
2020-12-08,19173.93,19300.0,18152.07,18320.0,1993.924924
2020-12-09,18301.78,18642.51,17641.74,18553.74,2474.046966
2020-12-10,18548.95,18556.73,17905.27,18247.45,1530.22011
2020-12-11,18256.27,18288.72,17572.78,18035.54,1842.868274
2020-12-12,18037.61,18950.67,18015.69,18807.21,1085.605923
2020-12-13,18816.36,19422.16,18716.93,19168.28,1511.208247
2020-12-14,19164.53,19353.35,18996.91,19277.12,1331.102921
2020-12-15,19284.7,19572.65,19042.29,19432.56,1658.700414
2020-12-16,19437.36,21571.0,19288.88,21360.76,2385.117001
2020-12-17,21360.89,23799.82,21249.03,22821.15,3566.286325
2020-12-18,22821.75,23286.66,22362.37,23140.0,1748.058062
2020-12-19,23132.55,24200.0,22772.41,23850.85,1816.677215
2020-12-20,23854.02,24303.03,23100.0,23478.0,1524.706338
2020-12-21,23476.81,24121.12,21860.0,22723.24,1684.167595
2020-12-22,22728.64,23835.42,22376.11,23819.65,3071.11175
2020-12-23,23808.83,24100.0,22622.79,23232.26,2104.619245
2020-12-24,23227.45,23812.71,22618.79,23727.99,1896.352278
2020-12-25,23734.25,24794.56,23416.15,24703.36,1799.681409
2020-12-26,24712.21,26837.41,24490.05,26474.25,1904.022759
2020-12-27,26484.63,28383.13,25727.7,26239.9,2768.77782
2020-12-28,26232.24,27469.96,26084.09,27050.0,1969.574139
2020-12-29,27029.7,27388.0,25830.0,27359.55,2031.204811
2020-12-30,27359.55,28999.99,25550.0,28874.97,2700.610692
2020-12-31,28894.88,29332.53,27841.76,28957.93,2430.452018
2021-01-01,28964.54,29680.0,28608.73,29407.93,1736.62048
2021-01-02,29393.99,33500.0,29027.03,32215.18,4227.234681
2021-01-03,32216.13,34851.3,32002.65,33033.26,3523.88112
2021-01-04,33040.0,33648.27,28000.0,32017.58,4218.572357
2021-01-05,32027.11,34498.0,29882.3,34059.7,3150.244271
2021-01-06,34057.84,37000.0,33343.24,36834.77,4168.293259
2021-01-07,36859.03,40390.98,36005.0,39494.85,4330.386536
2021-01-08,39504.38,42037.99,36286.12,40622.89,4042.516723
2021-01-09,40645.36,41422.59,38717.42,40238.43,2235.391656
2021-01-10,40239.66,41453.67,35105.94,38156.4,3134.32525
2021-01-11,38150.92,38265.27,30239.51,35421.45,7086.248493
2021-01-12,35460.42,36637.61,32504.47,34074.89,4671.208936
2021-01-13,34045.93,37800.0,32344.85,37369.85,4095.861581
2021-01-14,37369.85,40100.0,36754.17,39094.19,4029.856519
2021-01-15,39113.82,39689.65,34318.0,36768.77,5308.255743
2021-01-16,36751.33,38000.0,35370.39,35991.67,3225.453099
2021-01-17,35991.66,36847.01,33790.5,35818.76,2757.680853
2021-01-18,35801.66,37499.92,34761.67,36645.06,2977.824935
2021-01-19,36645.26,37967.29,35875.72,35875.72,3584.123243
2021-01-20,35928.27,36412.99,33390.93,35509.09,4140.697658
2021-01-21,35478.5,35612.24,30050.0,30841.62,6460.238408
2021-01-22,30845.85,33862.06,28800.0,32994.37,5579.811413
2021-01-23,32973.31,33485.16,31425.89,32098.02,2427.427146
2021-01-24,32098.02,33096.77,30949.15,32302.42,1680.715239
2021-01-25,32296.36,34900.0,31927.29,32259.82,3786.754748
2021-01-26,32259.82,32934.14,30747.24,32499.43,3620.442961
2021-01-27,32505.08,32573.85,29240.0,30404.7,4569.563129
2021-01-28,30419.72,33848.16,29878.28,33454.22,3955.900068
2021-01-29,33448.07,38639.19,31977.27,34268.18,7160.952542
2021-01-30,34250.03,34936.14,32821.83,34311.15,2743.856826
2021-01-31,34302.16,34379.02,32200.04,33130.26,2117.537392
2021-02-01,33120.51,34781.92,32324.02,33545.58,2599.698816
2021-02-02,33530.59,36025.69,33440.86,35516.68,3360.726349
2021-02-03,35500.0,37685.71,35404.21,37661.46,3210.012506
2021-02-04,37637.44,38759.09,36192.89,36976.61,3025.320823
2021-02-05,36962.83,38366.53,36606.29,38333.51,2393.116571
2021-02-06,38341.86,41000.0,38233.51,39256.58,2762.273494
2021-02-07,39281.34,39742.88,37376.72,38866.41,2805.701513
2021-02-08,38860.36,47500.0,37000.0,46452.01,4452.160613
2021-02-09,46457.14,48216.56,45000.0,46488.27,4025.386589
2021-02-10,46480.68,47379.74,43741.91,44858.18,3472.690116
2021-02-11,44844.88,48692.99,44007.78,47997.3,2685.789315
2021-02-12,48007.4,48999.0,46191.22,47446.08,3020.949948
2021-02-13,47424.7,48206.2,46210.36,47214.7,2035.610661
2021-02-14,47227.37,49735.42,47080.0,48629.31,1962.701175
2021-02-15,48626.59,49033.9,45777.81,47905.52,2384.181723
2021-02-16,47916.82,50644.84,47022.88,49145.89,2585.964327
2021-02-17,49157.32,52637.5,48950.66,52122.96,2694.39073
2021-02-18,52147.31,52541.74,50882.83,51592.33,2255.373924
2021-02-19,51581.01,56414.43,50627.41,55919.45,2794.088065
2021-02-20,55919.45,57584.45,53444.57,55900.0,2339.565305
2021-02-21,55894.86,58367.75,55520.21,57484.39,1903.959506
2021-02-22,57463.71,57561.55,47701.0,54110.42,5641.997695
2021-02-23,54101.03,54218.22,44901.96,48878.02,6957.534648
2021-02-24,48876.11,51412.64,46989.91,49694.58,3450.7451
2021-02-25,49698.82,52072.02,46702.5,47029.58,3538.668205
2021-02-26,47082.14,48450.0,44112.0,46367.18,3936.663434
2021-02-27,46301.59,48369.99,45000.0,46167.3,1759.600683
2021-02-28,46141.75,46675.22,43000.0,45215.21,2818.147904
2021-03-01,45243.69,49850.0,45031.37,49647.3,2942.353509
2021-03-02,49647.3,50262.96,47060.0,48494.34,2097.905702
2021-03-03,48462.4,52667.39,48137.77,50379.88,2318.723783
2021-03-04,50381.67,51785.71,47500.0,48360.96,2542.465502
2021-03-05,48348.75,49483.43,46296.16,48741.18,2163.308105
2021-03-06,48787.96,49204.79,47068.13,48893.51,1125.150873
2021-03-07,48915.02,51469.78,48915.02,50979.57,1429.356213
2021-03-08,50980.49,52423.36,49318.79,52423.32,1995.944236
2021-03-09,52403.3,54900.0,51854.85,54900.0,2114.069026
2021-03-10,54893.57,57400.0,53030.0,55881.84,2442.66238
2021-03-11,55853.46,58162.6,54250.65,57795.55,2160.784393
2021-03-12,57795.55,58082.37,55008.09,57226.46,1907.321473
2021-03-13,57278.41,61800.0,56084.83,61153.84,2201.590225
2021-03-14,61182.49,61682.47,58979.41,59011.65,1388.168012
2021-03-15,59000.0,61720.0,54559.5,55628.69,3045.067979
2021-03-16,55637.22,57708.86,53275.0,56925.26,2524.848256
2021-03-17,56908.8,59000.0,54137.72,58947.13,1998.71466
2021-03-18,58941.7,60115.06,56978.69,57654.2,2125.526887
2021-03-19,57633.36,59470.47,56275.94,58066.76,2051.297988
2021-03-20,58040.39,59900.0,57830.24,58109.81,1100.584668
2021-03-21,58092.11,58622.74,55436.5,57367.35,1291.222361
2021-03-22,57353.03,58418.3,53680.25,54098.64,1734.487206
2021-03-23,54080.13,55831.63,52990.25,54374.21,1846.800257
2021-03-24,54356.22,57226.74,51600.0,52306.87,2413.969452
2021-03-25,52281.91,53529.37,50363.16,51311.53,2673.824034
2021-03-26,51310.88,55117.58,51251.93,55078.95,2821.370805
2021-03-27,55068.25,56642.52,53939.73,55845.08,1987.067559
2021-03-28,55849.07,56540.59,54687.19,55767.6,1439.254926
2021-03-29,55776.4,58427.6,54895.0,57595.59,2684.973422
2021-03-30,57602.51,59369.23,57040.22,58779.8,1840.435567
2021-03-31,58768.34,59824.12,56743.63,58771.1,2207.20271
2021-04-01,58760.1,59500.0,57920.0,58713.1,1612.435853
2021-04-02,58705.79,60143.55,58448.76,58968.56,1415.25845
2021-04-03,58964.97,59999.0,56897.78,57091.96,1474.741888
2021-04-04,57065.56,58500.0,56456.41,58221.71,1198.042275
2021-04-05,58209.31,59263.05,56781.24,59142.84,1558.396604
2021-04-06,59142.8,59499.79,57386.73,57987.27,1502.702368
2021-04-07,57987.29,58654.95,55445.46,55941.32,2205.62085
2021-04-08,55944.12,58157.89,55677.77,58087.01,1512.539767
2021-04-09,58065.8,58881.43,57653.65,58109.4,1369.782565
2021-04-10,58115.4,61284.36,57868.23,59778.35,1591.487476
2021-04-11,59763.24,60675.0,59171.56,59954.82,1071.167638
2021-04-12,59961.48,61240.6,59350.0,59830.82,1538.874417
2021-04-13,59819.35,63770.99,59772.36,63554.56,2152.863843
2021-04-14,63583.85,64882.47,61109.0,62963.8,2610.123688
2021-04-15,62963.8,63862.2,62032.95,63224.59,1571.280967
2021-04-16,63224.58,63581.56,60015.3,61404.3,2532.397485
2021-04-17,61415.6,62583.55,59659.33,60046.12,1701.281826
2021-04-18,60066.3,60420.87,51035.68,56265.18,4639.894977
2021-04-19,56248.84,58000.0,54245.51,55664.34,2781.462732
2021-04-20,55674.4,57200.0,53403.37,56474.41,2973.949424
2021-04-21,56482.87,56823.75,53450.12,53803.99,3248.982775
2021-04-22,53811.62,55500.0,50469.0,51736.97,4407.936701
2021-04-23,51712.24,52125.87,47464.46,51121.14,5274.853114
2021-04-24,51161.12,51196.8,47718.92,50105.0,2375.977985
2021-04-25,50099.71,50599.99,47013.71,49123.01,1979.090384
2021-04-26,49123.07,54597.25,48835.81,54055.99,3280.133295
2021-04-27,54040.75,55500.0,53307.49,55068.14,1891.361448
2021-04-28,55064.8,56489.53,53864.59,54877.5,1993.682127
2021-04-29,54877.5,55225.12,52360.1,53580.6,1800.211074
2021-04-30,53591.28,58000.04,53077.54,57764.76,2042.901351
2021-05-01,57764.75,58531.63,57047.64,57843.14,1402.799228
2021-05-02,57844.9,57963.86,56073.43,56606.3,1172.066589
2021-05-03,56602.83,59050.0,56490.38,57205.19,2193.812541
2021-05-04,57208.09,57228.69,53000.0,53227.11,2965.383601
2021-05-05,53241.86,57998.96,52915.12,57493.09,2752.994924
2021-05-06,57504.22,59050.0,55268.09,56440.62,2198.309321
2021-05-07,56429.29,58725.27,55300.0,57368.34,2209.712045
2021-05-08,57367.68,59558.2,56971.49,58939.31,1866.381689
2021-05-09,58945.9,59300.0,56260.45,58280.4,2226.058078
2021-05-10,58328.37,59611.94,53232.55,55859.56,3348.072229
2021-05-11,55872.21,59500.0,54511.06,56752.71,2219.303338
2021-05-12,56749.65,59000.0,48500.0,49547.74,3110.699329
2021-05-13,49545.49,55199.0,46100.0,49661.84,5142.8416
2021-05-14,49691.58,51579.44,48873.52,49887.22,2102.646668
2021-05-15,49893.73,51800.0,46571.88,46785.78,2056.567463
2021-05-16,46801.92,49796.87,43800.0,46429.2,3616.306985
2021-05-17,46427.05,46659.97,42117.0,43530.32,5363.679173
2021-05-18,43542.51,45840.94,42288.01,42876.51,3541.78506
2021-05-19,42883.81,43600.0,30000.0,36753.96,13553.429477
2021-05-20,36754.0,42750.0,33734.69,40632.12,6970.379227
2021-05-21,40589.29,42275.11,33510.0,37344.93,7988.205685
2021-05-22,37333.51,38888.0,35113.01,37482.33,5085.561887
2021-05-23,37480.4,38299.08,31055.0,34734.64,8714.002801
2021-05-24,34760.71,40000.0,34431.52,38819.19,5880.163786
2021-05-25,38833.93,39840.73,36437.83,38380.94,3920.487435
2021-05-26,38364.12,40900.0,37840.77,39281.68,3337.45478
2021-05-27,39279.15,40437.57,37189.32,38552.14,2415.22531
2021-05-28,38562.04,38897.36,34700.0,35672.13,4290.374912
2021-05-29,35689.6,37362.6,33633.33,34598.36,3474.501771
2021-05-30,34612.4,36800.0,33400.0,35658.55,3093.479019
2021-05-31,35651.65,37516.48,34182.39,37245.25,3381.19032
2021-06-01,37254.08,37920.31,35660.45,36680.29,2733.037137
2021-06-02,36690.42,38438.27,35900.0,37579.26,2173.914367
2021-06-03,37567.84,39481.0,37168.1,39243.83,2552.861805
2021-06-04,39243.84,39277.82,35500.0,36861.35,2970.81323
2021-06-05,36849.44,37922.96,34800.0,35530.74,2301.57086
2021-06-06,35505.32,36476.84,34800.0,35798.29,1473.245661
2021-06-07,35801.16,36840.74,33300.0,33578.01,2759.907364
2021-06-08,33563.44,34072.78,31021.0,33373.32,4905.528725
2021-06-09,33400.66,37552.1,32420.91,37412.11,3979.166968
2021-06-10,37400.55,38619.59,35815.18,36686.78,3242.462282
2021-06-11,36677.28,37850.0,35939.88,37324.57,2533.471096
2021-06-12,37341.29,37450.78,34611.0,35527.1,2359.478051
2021-06-13,35555.85,39657.69,34770.24,39025.72,2809.080633
2021-06-14,39037.68,41069.9,38738.0,40525.99,3250.619207
2021-06-15,40521.93,41339.67,39526.52,40156.95,2281.395243
2021-06-16,40145.0,40512.0,38012.54,38341.29,2500.024921
2021-06-17,38333.4,39548.79,37373.0,38079.75,2663.875974
2021-06-18,38081.2,39100.0,35149.3,35828.28,2688.040377
2021-06-19,35840.76,36458.94,34826.0,35491.55,2884.263228
2021-06-20,35487.75,36140.18,33330.59,35593.89,3234.340219
2021-06-21,35589.06,35742.71,31250.0,31609.12,6103.445502
2021-06-22,31619.44,33463.05,28765.43,32518.52,8274.32859
2021-06-23,32520.45,34864.52,31709.94,33672.23,4379.362497
2021-06-24,33680.77,35331.0,32323.0,34664.58,2561.598602
2021-06-25,34648.14,35500.0,31260.0,31593.1,3758.823746
2021-06-26,31582.01,32873.91,30150.0,32273.49,3537.901589
2021-06-27,32256.33,34745.69,31987.13,34678.88,2997.283072
2021-06-28,34708.86,35303.91,33888.0,34481.09,2852.136128
2021-06-29,34486.75,36633.77,34202.2,35911.03,3050.027586
2021-06-30,35917.57,36114.7,33901.71,35026.97,2633.316802
2021-07-01,35052.97,35053.04,32666.6,33513.42,2290.017245
2021-07-02,33517.99,34089.13,32700.0,33810.38,2067.782193
2021-07-03,33788.75,34989.06,33328.75,34681.43,1636.163798
2021-07-04,34685.34,35968.64,34375.42,35290.65,1306.070398
2021-07-05,35280.25,35280.25,33118.81,33743.42,2082.537602
2021-07-06,33708.5,35155.16,33500.0,34225.52,1707.63752
2021-07-07,34208.61,35076.44,33763.39,33868.46,1699.225509
2021-07-08,33863.93,33934.43,32096.15,32870.81,2457.235259
2021-07-09,32868.08,34097.23,32255.75,33806.64,1547.332259
2021-07-10,33805.04,34301.85,33013.17,33503.04,1153.012134
2021-07-11,33501.16,34626.41,33304.69,34244.09,1197.253966
2021-07-12,34251.44,34683.69,31120.0,33089.77,1837.315304
2021-07-13,33090.5,33333.31,32167.56,32727.05,1996.89593
2021-07-14,32727.72,33132.11,31589.84,32818.32,1695.65143
2021-07-15,32814.57,33189.38,31130.27,31870.74,2195.833165
2021-07-16,31872.07,32268.0,31025.65,31374.74,1843.897641
2021-07-17,31378.63,31988.0,31152.31,31509.98,1369.579999
2021-07-18,31519.62,32439.14,31135.12,31782.76,1428.174778
2021-07-19,31786.78,31898.0,30402.83,30828.98,1935.711841
2021-07-20,30832.11,31055.0,29264.41,29793.63,2982.969645
2021-07-21,29795.9,32844.96,29487.79,32128.31,3712.687393
2021-07-22,32148.48,32598.59,31726.23,32288.94,2160.164618
2021-07-23,32289.95,33650.19,32000.0,33636.26,2144.926074
2021-07-24,33652.22,34507.83,33418.36,34264.68,2469.018466
2021-07-25,34275.19,35417.9,33872.05,35401.94,1727.279399
2021-07-26,35403.88,40588.12,35248.96,37248.41,7281.061858
2021-07-27,37250.03,39543.9,36399.0,39479.37,5201.987097
2021-07-28,39469.3,40898.0,38768.52,40013.65,6663.970452
2021-07-29,40028.89,40643.15,39114.97,40035.89,3481.872251
2021-07-30,40033.89,42338.09,38318.36,42230.35,4310.914026
2021-07-31,42225.61,42471.61,41066.1,41481.71,2153.959358
2021-08-01,41493.12,42600.0,39432.0,39856.79,2450.14526
2021-08-02,39866.51,40457.08,38688.88,39150.89,2260.514767
2021-08-03,39159.43,39785.98,37654.48,38202.95,2590.179306
2021-08-04,38209.9,39965.9,37500.0,39734.78,2290.327755
2021-08-05,39725.68,41374.07,37300.0,40882.95,3377.412442
2021-08-06,40883.36,43399.99,39879.65,42874.98,3210.788191
2021-08-07,42874.98,44754.94,42442.55,44600.86,3261.024914
2021-08-08,44608.28,45360.2,43288.55,43835.04,2989.068905
2021-08-09,43828.73,46499.99,42817.95,46267.01,3649.601154
2021-08-10,46269.61,46735.29,44619.89,45598.01,2279.479893
2021-08-11,45603.14,46787.68,45341.0,45532.33,2176.991137
2021-08-12,45543.49,46230.98,43762.79,44433.43,2562.025665
2021-08-13,44437.8,47893.76,44241.49,47831.83,2132.62233
2021-08-14,47824.57,48200.0,46024.66,47092.92,2150.211364
2021-08-15,47110.63,47404.12,45516.45,47003.87,1826.298057
2021-08-16,47013.5,48076.27,45660.83,45876.97,2167.450528
2021-08-17,45906.48,47171.98,44386.35,44648.84,2288.389963
2021-08-18,44701.83,46031.82,44220.44,44717.35,2282.195001
2021-08-19,44731.72,47059.76,43943.44,46753.72,2377.183358
2021-08-20,46758.32,49406.05,46640.73,49326.64,2518.777422
2021-08-21,49347.44,49808.89,48251.0,48858.83,1708.863497
2021-08-22,48864.06,49516.11,47972.28,49276.5,1119.395483
2021-08-23,49276.5,50546.27,49040.94,49545.26,2109.418562
2021-08-24,49508.47,49888.62,47600.0,47700.91,2248.857081
2021-08-25,47688.01,49280.07,47128.89,48991.76,1868.964933
2021-08-26,48984.49,49357.2,46236.72,46863.0,1872.83558
2021-08-27,46855.79,49551.39,46344.05,49071.5,2115.202637
2021-08-28,49090.48,49312.17,48380.0,48920.68,709.60507
2021-08-29,48927.61,49664.49,47788.88,48792.95,1181.513039
2021-08-30,48805.61,48901.12,46852.74,46995.47,1521.97002
2021-08-31,46996.65,48260.39,46581.26,47121.64,1775.38109
2021-09-01,47102.56,49121.5,46531.41,48843.62,1818.59385
2021-09-02,48838.81,50402.5,48543.82,49267.13,2090.178742
2021-09-03,49262.78,51045.17,48343.37,50015.65,2322.353184
2021-09-04,50016.62,50550.0,49387.75,49938.29,1032.21495
2021-09-05,49943.8,51950.0,49472.92,51786.64,1060.282124
2021-09-06,51792.48,52800.0,51018.18,52707.76,1468.894854
2021-09-07,52696.91,52942.42,42913.0,46870.91,5411.566891
2021-09-08,46877.47,47372.48,44425.56,46047.92,2735.46603
2021-09-09,46044.16,47399.99,45513.02,46395.19,1672.47953
2021-09-10,46379.6,47031.04,44126.04,44864.41,2935.39666
2021-09-11,44846.07,45983.01,44732.8,45174.46,899.74221
2021-09-12,45178.97,46485.87,44750.0,46051.09,962.05905
2021-09-13,46036.05,46900.0,43390.57,44936.64,2557.22891
2021-09-14,44952.9,47257.42,44652.43,47131.49,1448.23167
2021-09-15,47144.37,48464.21,46709.52,48150.0,1283.35576
2021-09-16,48148.56,48514.71,47031.81,47756.59,1123.77024
2021-09-17,47756.14,48177.84,46754.52,47293.72,1199.73727
2021-09-18,47293.72,48930.0,47050.0,48291.38,927.81267
2021-09-19,48312.6,48375.96,46850.01,47254.55,766.78784
2021-09-20,47253.2,47353.82,42485.3,42982.67,3459.452573
2021-09-21,43026.33,43629.88,39603.22,40692.59,3757.040371
2021-09-22,40717.96,44024.21,40539.26,43563.31,2357.12945
2021-09-23,43552.58,44995.6,43089.91,44882.61,1849.54939
2021-09-24,44893.36,45144.23,40700.0,42829.7,3784.97293
2021-09-25,42849.24,42986.45,41623.57,42699.79,944.44035
2021-09-26,42706.43,43953.96,40758.14,43207.18,1701.25636
2021-09-27,43192.61,44367.62,42118.51,42171.38,1448.52434
2021-09-28,42161.79,42778.07,40851.47,41039.2,2764.7998
2021-09-29,41032.33,42588.0,40761.01,41526.74,1266.24308
2021-09-30,41533.27,44123.55,41402.28,43809.47,1572.68135
2021-10-01,43822.89,48486.08,43293.08,48147.38,2616.91387
2021-10-02,48181.13,48349.39,47460.89,47672.68,719.57948
2021-10-03,47662.03,49399.99,47134.57,48220.0,756.67767
2021-10-04,48214.74,49507.8,46933.6,49247.63,1283.57755
2021-10-05,49252.59,51921.46,49057.36,51488.94,1382.53304
2021-10-06,51502.83,55794.07,50408.96,55330.92,2133.377701
2021-10-07,55332.46,55352.49,53392.38,53767.81,1434.18373
2021-10-08,53788.03,56150.9,53627.77,53918.86,1285.581965
2021-10-09,53953.98,55500.0,53684.22,54967.95,1105.48293
2021-10-10,54964.06,56571.07,54096.07,54683.46,1354.97792
2021-10-11,54676.28,57850.0,54428.75,57481.59,1795.696813
2021-10-12,57484.6,57682.0,53960.0,56012.01,1644.28209
2021-10-13,55991.4,57777.0,54250.0,57350.02,1967.7225
2021-10-14,57357.0,58535.01,56831.13,57354.45,1587.841991
2021-10-15,57349.26,62888.0,56880.0,61656.96,3029.635322
2021-10-16,61684.1,62350.3,60141.32,60872.12,1565.20842
2021-10-17,60873.43,61703.16,58957.0,61535.05,1547.04131
2021-10-18,61546.25,62673.83,59872.8,62008.68,2528.10069
2021-10-19,61997.64,64485.86,61345.36,64288.2,2199.991312
2021-10-20,64293.96,66999.0,63506.06,66026.58,2079.458694
2021-10-21,66012.44,66656.35,62026.47,62234.92,2862.92077
2021-10-22,62189.25,63740.0,59646.0,60673.23,2007.95377
2021-10-23,60671.39,61748.61,59200.0,61273.7,986.02957
2021-10-24,61274.42,61486.64,59515.01,60861.3,1065.09103
2021-10-25,60868.56,63701.59,60651.05,63066.67,1399.6552
2021-10-26,63070.02,63284.93,59820.49,60315.07,1548.21153
2021-10-27,60352.17,61500.0,58050.0,58435.46,2994.91498
2021-10-28,58447.59,62525.33,57775.0,60605.87,2342.14735
2021-10-29,60615.44,62970.75,60197.12,62251.16,1620.52053
2021-10-30,62270.49,62538.41,60733.04,61875.18,1021.32246
2021-10-31,61891.7,62435.92,59931.37,61333.39,1142.98769
2021-11-01,61330.34,62463.58,59433.79,60935.63,1380.36695
2021-11-02,60954.89,64352.05,60666.37,63253.09,1238.34719
2021-11-03,63264.19,63579.57,60200.0,62916.65,1403.16163
2021-11-04,62940.41,63115.71,60503.0,61450.02,1657.02078
2021-11-05,61437.63,62629.59,60777.77,60988.27,1791.6992
2021-11-06,60987.71,61848.65,60105.35,61518.64,1483.77571
2021-11-07,61518.51,63350.74,61371.99,63316.59,1378.37895
2021-11-08,63335.52,67805.83,63335.52,67566.37,2346.545454
2021-11-09,67563.92,68587.57,66241.63,66936.19,2965.945437
2021-11-10,66957.5,69000.0,62590.56,64912.92,3889.194079
2021-11-11,64902.29,65624.56,64124.37,64809.39,2967.92731
2021-11-12,64799.65,65474.58,62281.51,64135.28,2666.9844
2021-11-13,64126.8,65000.0,63378.68,64399.29,1326.28562
2021-11-14,64389.87,65528.48,63574.01,65524.48,1263.93285
2021-11-15,65524.48,66381.19,63387.18,63624.34,1708.33409
2021-11-16,63625.32,63625.33,58600.0,60104.11,4151.82879
2021-11-17,60092.96,60834.24,58385.86,60362.2,2348.05878
2021-11-18,60360.23,60975.18,56526.0,56941.16,3097.18266
2021-11-19,56913.3,58381.88,55640.76,58108.98,1951.30039
2021-11-20,58104.82,59878.51,57012.14,59731.19,983.45225
2021-11-21,59737.7,60078.73,58535.57,58652.71,860.73147
2021-11-22,58656.8,59506.54,55649.0,56287.1,1738.06508
2021-11-23,56278.81,57862.86,55366.66,57568.59,1590.80445
2021-11-24,57548.15,57738.72,55883.82,57194.13,1370.56747
2021-11-25,57166.3,59443.04,57017.01,58969.02,1293.81725
2021-11-26,58992.93,59183.87,53508.0,53766.83,2167.06751
2021-11-27,53749.87,55314.06,53644.35,54765.06,880.80615
2021-11-28,54739.33,57456.06,53295.0,57310.86,1140.84219
2021-11-29,57316.51,58916.94,56733.27,57820.17,1423.50908
2021-11-30,57820.32,59206.01,55906.2,56919.18,1477.11473
2021-12-01,56986.53,59083.36,56500.0,57217.79,1653.59655
2021-12-02,57209.28,57478.41,55815.74,56532.79,1183.29513
2021-12-03,56532.45,57658.48,51603.82,53631.94,1693.72863
2021-12-04,53652.45,53888.88,42220.0,49209.18,4971.41175
2021-12-05,49209.2,50149.99,47801.98,49462.25,2323.31169
2021-12-06,49467.32,50943.48,47160.38,50502.47,2690.74591
2021-12-07,50493.8,51988.78,50072.12,50621.96,1524.14159
2021-12-08,50621.36,51254.34,48626.97,50494.99,1522.74258
2021-12-09,50521.39,51827.0,47331.96,47567.78,2238.93806
2021-12-10,47557.04,50117.56,46745.65,47161.36,1666.91131
2021-12-11,47161.75,49511.19,46773.75,49400.0,1349.2787
2021-12-12,49415.54,50794.18,48655.6,50102.38,1032.19309
2021-12-13,50085.1,50217.36,45666.0,46714.09,1865.33964
2021-12-14,46715.77,48699.98,46277.22,48372.7,1696.51564
2021-12-15,48351.52,49511.19,46550.0,48873.12,1685.24178
2021-12-16,48883.95,49448.0,47530.96,47632.51,1073.00264
2021-12-17,47637.8,48002.79,45453.27,46164.49,1460.72198
2021-12-18,46146.39,47379.37,45511.38,46841.1,877.37822
2021-12-19,46842.52,48327.16,46426.88,46706.64,981.61648
2021-12-20,46684.54,47550.0,45511.67,46922.77,1288.67609
2021-12-21,46922.77,49334.4,46640.88,48906.44,1410.22415
2021-12-22,48903.46,49675.14,47779.8,48610.33,1012.73929
2021-12-23,48614.45,51381.81,48001.3,50850.0,1128.61396
2021-12-24,50853.25,51856.71,50431.14,50829.53,914.22864
2021-12-25,50844.76,51200.0,50181.29,50418.1,610.56259
2021-12-26,50425.88,51381.8,49414.93,50804.87,841.95695
2021-12-27,50815.82,52195.6,50474.66,50695.95,890.68237
2021-12-28,50714.51,52000.0,47300.0,47551.6,1561.80985
2021-12-29,47559.26,48142.01,46049.09,46468.33,1169.16789
2021-12-30,46472.42,47939.04,45932.45,47135.69,1014.59241
2021-12-31,47125.88,48586.17,45651.0,46231.04,1739.45844
2022-01-01,46216.4,50840.31,46216.4,47734.13,781.90388
2022-01-02,47721.47,48000.0,46666.0,47289.86,616.49445
2022-01-03,47289.86,47586.32,45700.0,46422.99,1409.10245
2022-01-04,46435.0,47540.84,45517.31,45838.57,1467.56895
2022-01-05,45818.98,47063.49,42450.23,43429.82,2212.53089
2022-01-06,43445.98,43782.04,42337.0,43084.39,2863.00284
2022-01-07,43086.38,43265.29,40617.17,41553.04,2713.90595
2022-01-08,41563.52,42325.0,40500.0,41674.3,1379.86606
2022-01-09,41669.83,42776.5,40500.0,41855.37,1020.16373
2022-01-10,41852.89,42237.89,39646.36,41820.9,2179.7336
2022-01-11,41815.36,43114.88,41274.27,42739.74,1905.4182
2022-01-12,42734.31,44333.51,42464.0,43925.5,1432.8422
2022-01-13,43922.09,44446.35,42300.0,42577.73,1218.96836
2022-01-14,42556.87,43510.0,41761.58,43081.83,1094.20823
2022-01-15,43080.91,43819.0,42575.98,43097.35,560.68631
2022-01-16,43111.39,43542.85,42588.39,43084.73,596.83014
2022-01-17,43093.22,43197.58,41561.65,42205.76,921.51928
2022-01-18,42217.79,42726.66,41293.41,42360.4,1113.14483
2022-01-19,42365.78,42559.73,41125.4,41663.29,1461.53577
2022-01-20,41686.98,43499.01,40564.6,40693.65,1930.29229
2022-01-21,40664.99,41100.54,35421.73,36456.21,3341.931342
2022-01-22,36446.98,36826.47,34000.0,35078.41,3268.87236
2022-01-23,35079.71,36531.65,34610.89,36261.38,1710.27247
2022-01-24,36252.79,37555.0,32950.0,36670.32,4417.946742
2022-01-25,36689.01,37558.33,35707.45,36965.54,1967.8076
2022-01-26,36996.0,38931.35,36271.43,36825.02,2741.9152
2022-01-27,36832.08,37248.22,35525.54,37158.7,1909.60324
2022-01-28,37157.9,38100.0,36154.21,37737.62,1395.6184
2022-01-29,37727.8,38724.63,37301.51,38177.17,1093.31169
2022-01-30,38169.04,38368.73,37368.42,37917.38,641.10417
2022-01-31,37893.61,38763.47,36649.41,38469.94,1382.43981
2022-02-01,38473.9,39299.01,37975.0,38716.8,1368.22089
2022-02-02,38713.56,38996.01,36600.0,36914.84,1209.94947
2022-02-03,36916.07,37383.26,36254.8,37325.59,1197.5244
2022-02-04,37322.54,41748.05,37041.16,41590.99,2121.84538
2022-02-05,41589.32,41960.89,40884.5,41408.21,1061.80756
2022-02-06,41408.26,42688.0,41142.86,42407.71,731.08192
2022-02-07,42413.26,44552.09,41677.51,43855.29,1713.99575
2022-02-08,43879.85,45514.84,42704.61,44069.03,2475.19035
2022-02-09,44082.22,44862.79,43147.93,44412.76,2063.51688
2022-02-10,44408.21,45853.59,43221.7,43520.77,2468.36311
2022-02-11,43524.11,43944.73,41967.14,42399.14,1635.18012
2022-02-12,42393.46,43049.98,41705.01,42221.18,989.57776
2022-02-13,42240.61,42784.03,41900.0,42066.08,801.79183
2022-02-14,42078.41,42911.74,41578.94,42545.91,1611.38849
2022-02-15,42558.64,44774.96,42446.65,44571.31,1758.09897
2022-02-16,44572.36,44572.36,43349.01,43898.94,1286.40924
2022-02-17,43893.65,44186.31,40051.63,40537.58,1693.82756
2022-02-18,40546.06,40987.13,39477.64,40007.74,1464.12302
2022-02-19,39992.28,40459.2,39649.87,40091.81,688.68972
2022-02-20,40101.71,40133.22,38000.0,38369.12,1065.89149
2022-02-21,38387.68,39515.17,36800.0,37032.83,2395.28673
2022-02-22,37027.16,38476.34,36340.11,38249.02,2158.877
2022-02-23,38251.59,39267.97,37061.22,37263.2,2037.19306
2022-02-24,37268.33,39878.0,34344.08,38343.38,3876.15814
2022-02-25,38352.45,39726.15,38037.47,39219.29,1552.41975
2022-02-26,39236.28,40427.97,38600.0,39125.62,742.24866
2022-02-27,39134.63,39869.39,37000.0,37706.37,1195.25814
2022-02-28,37709.93,44300.0,37455.05,43195.3,2098.74719
2022-03-01,43181.35,44976.47,42854.95,44435.37,2362.65548
2022-03-02,44434.04,45370.99,43340.88,43915.47,1444.079
2022-03-03,43921.29,44105.61,41830.58,42457.04,1451.20364
2022-03-04,42457.31,42522.63,38562.94,39151.12,1863.52712
2022-03-05,39151.12,39631.9,38582.41,39406.62,997.66995
2022-03-06,39399.31,39799.99,38050.02,38409.21,1175.29665
2022-03-07,38424.78,39552.36,37166.0,38006.54,1925.59583
2022-03-08,37995.14,39381.73,37869.72,38732.94,1490.88249
2022-03-09,38741.7,42587.89,38648.71,41966.28,2396.40815
2022-03-10,41960.16,42060.0,38532.82,39438.2,2280.05818
2022-03-11,39436.11,40252.3,38245.64,38739.05,1699.27078
2022-03-12,38736.43,39516.22,38662.81,38806.75,695.1704
2022-03-13,38810.12,39330.41,37591.53,37767.96,913.5956
2022-03-14,37782.51,39955.33,37567.42,39674.51,1797.42045
2022-03-15,39674.38,39919.4,38068.75,39287.17,1352.31006
2022-03-16,39292.87,41737.48,38700.01,41126.2,2189.78177
2022-03-17,41131.22,41494.41,40520.0,40937.56,1187.98508
2022-03-18,40937.28,42363.7,40152.8,41792.57,1528.21657
2022-03-19,41781.81,42445.26,41530.28,42227.45,743.23664
2022-03-20,42215.85,42312.93,40930.26,41281.03,860.9527
2022-03-21,41286.21,41586.2,40426.19,41030.02,1052.41729
2022-03-22,41009.6,43390.25,40888.37,42384.06,1992.64982
2022-03-23,42377.68,43036.08,41768.91,42899.59,1317.39737
2022-03-24,42904.88,44247.0,42549.2,44010.06,1725.21505
2022-03-25,43999.48,45120.73,43610.93,44330.65,1411.34488
2022-03-26,44334.19,44834.99,44093.03,44539.75,702.58631
2022-03-27,44531.9,47000.0,44445.56,46855.47,1310.23494
2022-03-28,46844.65,48217.78,46677.84,47146.78,1763.74555
2022-03-29,47145.08,48121.0,46900.0,47458.01,1435.87427
2022-03-30,47458.0,47710.93,46539.38,47074.42,1300.56718
2022-03-31,47066.93,47624.78,45214.8,45526.0,1919.61157
2022-04-01,45524.38,46772.07,44233.01,46295.66,2030.45049
2022-04-02,46288.44,47221.94,45643.49,45819.76,1297.3338
2022-04-03,45824.08,47477.26,45553.91,46410.85,1069.73442
2022-04-04,46413.6,46899.97,45130.5,46601.41,1688.78018
2022-04-05,46591.39,47219.85,45371.42,45492.01,1425.93073
2022-04-06,45509.51,45514.66,43122.37,43176.55,2060.63996
2022-04-07,43157.07,43901.94,42701.47,43454.03,1308.44862
2022-04-08,43439.24,44199.99,42111.55,42271.84,1481.22483
2022-04-09,42262.64,42817.5,42125.24,42764.66,809.43387
2022-04-10,42774.71,43428.51,41854.24,42159.56,728.39736
2022-04-11,42159.44,42432.39,39196.61,39534.13,2468.11615
2022-04-12,39532.73,40710.25,39260.82,40084.1,2203.65308
2022-04-13,40084.5,41577.98,39595.19,41152.48,1671.00945
2022-04-14,41148.38,41506.2,39570.57,39944.27,1258.62899
2022-04-15,39945.78,40857.5,39772.23,40551.61,1112.08842
2022-04-16,40558.05,40722.31,40000.0,40377.72,856.95249
2022-04-17,40377.72,40810.21,39560.47,39683.78,1137.17848
2022-04-18,39680.12,41109.34,38500.0,40804.5,2271.15165
2022-04-19,40804.77,41765.08,40582.79,41500.32,1446.41004
2022-04-20,41500.33,42212.11,40868.94,41369.78,1736.88764
2022-04-21,41362.12,42992.13,39723.58,40478.67,1805.64025
2022-04-22,40483.15,40799.17,39191.0,39709.54,1907.28304
2022-04-23,39709.54,39997.89,39284.11,39446.43,769.87411
2022-04-24,39452.51,39947.51,38963.0,39466.74,1053.40463
2022-04-25,39457.86,40617.13,38152.06,40432.88,1874.8376
2022-04-26,40432.87,40807.2,37704.15,38129.25,1985.52482
2022-04-27,38110.28,39467.11,37852.0,39236.7,1794.24536
2022-04-28,39236.7,40387.8,38886.15,39746.34,1759.62955
2022-04-29,39746.33,39919.73,38176.48,38594.83,1530.38035
2022-04-30,38592.42,38779.88,37550.62,37634.83,1373.18715
2022-05-01,37637.66,38718.59,37402.29,38469.56,1410.12516
2022-05-02,38467.62,39197.86,38017.99,38519.91,1477.68911
2022-05-03,38520.02,38715.17,37515.01,37723.95,1271.98376
2022-05-04,37722.62,40026.12,37660.09,39693.77,1618.88915
2022-05-05,39683.5,39834.39,35558.2,36542.54,2606.4363
2022-05-06,36547.1,36659.41,35264.01,36003.71,2265.33122
2022-05-07,36003.73,36121.71,34694.7,35459.36,1189.85499
2022-05-08,35461.08,35499.86,33700.0,34026.72,2592.029
2022-05-09,34031.91,34230.0,30042.81,30080.03,5268.652876
2022-05-10,30059.5,32687.08,29742.01,31015.35,4390.111722
2022-05-11,31001.62,32350.0,27700.01,28963.59,6867.481913
2022-05-12,28951.06,30100.0,24427.94,28933.32,14986.187196
2022-05-13,28939.44,31000.0,28680.92,29233.66,6966.58589
2022-05-14,29231.25,30303.97,28557.11,30046.47,3586.00033
2022-05-15,30044.52,31434.24,29423.86,31291.08,3129.97491
2022-05-16,31292.17,31292.17,29011.69,29828.42,4012.87588
2022-05-17,29832.32,30798.0,29414.2,30398.05,3276.03489
2022-05-18,30412.27,30681.61,28616.56,28672.98,4577.78906
2022-05-19,28672.08,30500.0,28650.63,30289.75,4595.48586
2022-05-20,30289.54,30738.42,28700.0,29166.98,5089.72739
2022-05-21,29166.98,29646.11,28911.46,29405.04,1520.37726
2022-05-22,29404.14,30451.32,29200.0,30259.73,2368.29722
2022-05-23,30260.66,30661.68,28846.16,29068.78,3851.48392
2022-05-24,29078.95,29820.0,28637.01,29628.65,2952.40344
2022-05-25,29628.68,30270.0,29304.31,29512.86,2499.03628
2022-05-26,29512.72,29852.37,27989.0,29174.16,4709.13697
2022-05-27,29168.15,29358.46,28250.0,28598.09,4050.13109
2022-05-28,28598.09,29200.0,28497.15,28997.42,1554.70022
2022-05-29,28997.43,29573.69,28810.56,29438.12,1360.86225
2022-05-30,29438.12,32170.88,29278.9,31710.39,4682.19374
2022-05-31,31711.44,32374.17,31199.97,31773.1,3485.79412
2022-06-01,31775.96,32008.83,29290.48,29773.38,4846.70794
2022-06-02,29779.31,30668.36,29557.0,30426.53,3338.44431
2022-06-03,30426.68,30669.72,29247.39,29668.3,2759.71791
2022-06-04,29668.3,29949.99,29456.63,29837.38,1231.82648
2022-06-05,29837.38,30174.99,29508.08,29890.21,1241.55449
2022-06-06,29891.56,31741.11,29866.58,31345.38,3102.1203
2022-06-07,31347.27,31560.43,29200.0,31103.1,4345.73257
2022-06-08,31105.24,31299.6,29819.64,30180.78,2605.11831
2022-06-09,30181.79,30676.49,29923.82,30078.77,1987.04134
2022-06-10,30084.96,30341.18,28820.0,29058.58,3615.9368
2022-06-11,29062.21,29473.7,28077.67,28393.93,2720.32126
2022-06-12,28394.14,28500.9,26528.0,26542.47,4546.48304
2022-06-13,26554.24,26856.27,21903.55,22454.15,15264.288332
2022-06-14,22461.7,23326.52,20818.0,22111.51,13233.233461
2022-06-15,22115.64,22787.7,20071.34,22555.75,13330.47681
2022-06-16,22555.56,22978.83,20208.32,20373.88,6965.68715
2022-06-17,20372.7,21337.16,20202.86,20440.73,6126.43343
2022-06-18,20441.56,20749.77,17589.89,18945.39,13818.149072
2022-06-19,18944.39,20800.0,17891.27,20548.64,8666.07494
2022-06-20,20546.89,21050.98,19603.63,20548.56,7421.57214
2022-06-21,20549.65,21699.98,20331.36,20699.78,8079.17544
2022-06-22,20699.78,20872.7,19699.13,19965.47,6718.43765
2022-06-23,19967.32,21209.14,19867.74,21089.36,5527.93358
2022-06-24,21089.95,21598.16,20720.83,21216.27,4671.74599
2022-06-25,21219.74,21595.34,20896.22,21479.27,2879.95629
2022-06-26,21473.59,21894.22,20950.0,21026.12,3159.41294
2022-06-27,21026.12,21522.72,20494.1,20724.08,3248.25805
2022-06-28,20723.05,21185.0,20174.0,20256.61,3140.42328
2022-06-29,20254.49,20452.27,19830.0,20096.63,4172.29809
2022-06-30,20098.8,20145.5,18600.0,19919.48,6049.83377
2022-07-01,19936.19,20886.99,18950.0,19256.66,6301.71901
2022-07-02,19259.37,19467.87,18966.08,19228.05,3370.99814
2022-07-03,19228.2,19628.23,18758.35,19290.38,2323.47037
2022-07-04,19293.94,20326.59,19033.07,20211.75,4172.78047
2022-07-05,20214.13,20733.3,19256.64,20156.88,5501.14564
2022-07-06,20153.79,20653.0,19744.0,20543.51,3926.95308
2022-07-07,20543.14,21825.01,20240.55,21601.31,5913.86542
2022-07-08,21613.9,22500.0,21167.77,21580.1,7797.37598
2022-07-09,21574.24,21969.3,21312.19,21580.13,11073.76095
2022-07-10,21580.39,21595.61,20645.64,20849.48,9342.03513
2022-07-11,20849.45,20849.61,19862.9,19947.17,7321.60642
2022-07-12,19948.74,20048.64,19212.01,19312.15,7515.45252
2022-07-13,19309.06,20328.74,18900.0,20221.77,10094.86275
2022-07-14,20220.0,20885.4,19600.0,20577.85,8375.09466
2022-07-15,20574.27,21195.97,20368.26,20824.97,7761.08003
2022-07-16,20828.95,21582.85,20469.66,21190.0,6809.87502
2022-07-17,21191.49,21672.23,20717.94,20789.77,6504.24442
2022-07-18,20796.12,22777.0,20759.57,22430.0,8808.99503
2022-07-19,22438.0,23810.89,21580.11,23400.0,11870.50042
2022-07-20,23400.0,24283.76,22600.0,23225.55,13019.69126
2022-07-21,23228.1,23452.3,22345.04,23153.61,11954.73762
2022-07-22,23153.15,23769.83,22502.67,22685.98,9397.02171
2022-07-23,22687.31,23002.3,21943.34,22451.33,5836.82612
2022-07-24,22453.09,23014.62,22264.87,22581.29,4206.76302
2022-07-25,22583.42,22667.7,21242.03,21310.36,9609.33561
2022-07-26,21310.37,21346.92,20710.25,21256.87,8949.98305
2022-07-27,21260.0,23111.49,21045.5,22959.81,10384.43756
2022-07-28,22965.19,24206.81,22587.81,23849.55,10065.14479
2022-07-29,23851.32,24450.0,23431.47,23781.62,11899.2563
2022-07-30,23787.41,24679.0,23513.89,23643.83,5589.03947
2022-07-31,23647.81,24199.99,23236.68,23304.38,4792.22395
2022-08-01,23306.59,23517.51,22851.25,23274.01,4995.81538
2022-08-02,23275.98,23467.56,22658.97,22990.83,6426.19204
2022-08-03,22991.78,23644.21,22692.27,22822.24,5750.83521
2022-08-04,22823.17,23277.99,22390.0,22623.46,6275.44271
2022-08-05,22620.23,23478.31,22586.04,23310.94,7020.62398
2022-08-06,23316.21,23355.0,22916.42,22954.82,2611.52039
2022-08-07,22960.86,23403.15,22850.35,23178.29,2795.72729
2022-08-08,23178.7,24299.0,23157.67,23812.3,6405.6367
2022-08-09,23811.82,23933.73,22870.0,23156.08,5384.12572
2022-08-10,23151.59,24235.88,22664.29,23959.95,9888.31502
2022-08-11,23959.41,24928.38,23865.43,23942.46,9874.71354
2022-08-12,23945.54,24470.83,23588.13,24411.19,7013.58335
2022-08-13,24415.09,24900.0,24295.06,24452.92,6358.27386
2022-08-14,24451.65,25061.63,24153.98,24312.88,5409.23745
2022-08-15,24316.89,25220.0,23780.95,24097.01,12454.99426
2022-08-16,24098.03,24255.35,23674.0,23858.07,7791.47888
2022-08-17,23856.51,24449.21,23179.1,23342.67,8767.61798
2022-08-18,23341.75,23600.0,23109.51,23191.31,4896.71324
2022-08-19,23191.02,23207.81,20777.25,20833.33,12276.94416
2022-08-20,20837.1,21373.73,20761.12,21135.02,8070.30504
2022-08-21,21137.92,21796.7,21067.87,21514.97,6849.79124
2022-08-22,21518.06,21547.85,20881.81,21396.05,8730.82042
2022-08-23,21398.93,21681.34,20887.76,21525.71,8013.42093
2022-08-24,21526.08,21900.0,21149.18,21369.1,6117.06114
2022-08-25,21370.8,21819.08,21312.0,21561.75,5933.9654
2022-08-26,21557.61,21877.04,20074.0,20238.97,11301.56022
2022-08-27,20237.96,20402.13,19800.0,20034.31,8181.33593
2022-08-28,20036.26,20164.12,19521.59,19557.34,6439.1338
2022-08-29,19555.78,20440.13,19551.69,20286.58,14713.84298
2022-08-30,20285.75,20578.88,19542.0,19810.83,15787.21221
2022-08-31,19815.75,20498.24,19800.0,20048.11,17748.50891
2022-09-01,20048.66,20204.95,19564.95,20130.27,13355.50496
2022-09-02,20131.35,20444.42,19756.36,19954.71,10027.61271
2022-09-03,19953.92,20056.1,19653.06,19832.8,7635.69454
2022-09-04,19833.2,20030.39,19582.66,20004.67,6708.26772
2022-09-05,20003.63,20062.79,19636.0,19793.67,9142.52856
2022-09-06,19795.52,20180.59,18652.66,18788.6,14475.37354
2022-09-07,18788.87,19466.03,18530.0,19293.97,10467.51608
2022-09-08,19295.68,19454.41,19014.18,19322.34,9916.09489
2022-09-09,19322.7,21619.99,19294.38,21368.86,18794.53783
2022-09-10,21369.91,21816.96,21000.4,21653.78,14199.98278
2022-09-11,21654.11,21880.0,21354.54,21832.88,17279.01418
2022-09-12,21832.88,22499.99,21558.0,22397.88,19842.43423
2022-09-13,22397.03,22804.78,19851.0,20172.2,15957.40506
2022-09-14,20171.02,20535.66,19621.99,20228.67,9930.75264
2022-09-15,20232.64,20332.2,19493.61,19701.15,10989.61973
2022-09-16,19702.93,19888.02,19330.23,19802.68,8638.61702
2022-09-17,19801.32,20187.68,19748.75,20113.49,7962.52095
2022-09-18,20114.54,20117.57,19333.47,19418.47,7311.51165
2022-09-19,19419.35,19686.74,18247.7,19539.78,13427.32468
2022-09-20,19535.37,19637.85,18715.02,18875.41,15165.76669
2022-09-21,18875.73,19957.7,18130.0,18462.23,14346.36336
2022-09-22,18460.01,19539.66,18359.22,19401.41,13048.95997
2022-09-23,19400.51,19500.0,18532.79,19284.55,9735.08031
2022-09-24,19290.04,19311.79,18800.0,18923.19,9583.26868
2022-09-25,18922.45,19271.53,18630.22,18809.1,8297.0142
2022-09-26,18807.93,19323.14,18681.05,19228.3,7668.27137
2022-09-27,19226.94,20407.18,18817.79,19076.71,8106.40908
2022-09-28,19081.07,19769.12,18463.86,19415.11,9077.14841
2022-09-29,19418.54,19600.0,19288.0,19440.48,235.03475
2023-03-12,20632.41,50000.0,20632.41,22333.49,4303.08407
2023-03-13,22333.49,24714.04,21801.0,24241.32,1700.42958
2023-03-14,24242.34,26517.33,24104.27,24786.18,1824.81234
2023-03-15,24768.9,25298.33,23950.0,24374.81,953.32591
2023-03-16,24374.81,25230.04,24205.71,25063.01,1357.82768
2023-03-17,25059.84,27818.52,24945.75,27451.93,1033.98962
2023-03-18,27454.26,27772.84,26643.96,26982.34,621.91309
2023-03-19,26998.84,28468.94,26909.47,28054.4,722.19055
2023-03-20,28059.66,28563.18,27226.66,27835.62,1224.15689
2023-03-21,27826.88,28580.94,27420.68,28191.52,1199.729
2023-03-22,28189.05,28947.0,26695.43,27324.27,1706.11805
2023-03-23,27318.22,28826.85,27190.78,28350.74,1030.55999
2023-03-24,28351.92,28433.22,27029.88,27486.49,810.66122
2023-03-25,27491.99,27813.59,27190.79,27502.06,272.48088
2023-03-26,27492.23,28200.0,27443.56,27996.95,267.509
2023-03-27,27998.36,28046.87,26531.0,27140.82,539.28996
2023-03-28,27140.17,27500.42,26641.22,27273.97,507.01294
2023-03-29,27281.05,28645.13,27243.52,28357.71,633.03952
2023-03-30,28359.05,29185.45,27695.32,28030.43,934.97423
2023-03-31,28027.73,28658.9,27545.37,28472.49,537.95255
2023-04-01,28472.49,28823.62,28241.05,28466.23,210.90542
2023-04-02,28466.67,28535.51,27879.54,28177.74,197.96772
2023-04-03,28182.28,28515.99,27233.32,27818.22,601.17167
2023-04-04,27813.05,28440.92,27675.53,28183.42,485.23442
2023-04-05,28177.5,28776.7,27800.01,28175.81,351.34157
2023-04-06,28183.68,28194.34,27732.22,28047.53,675.4041
2023-04-07,28049.03,28117.07,27788.94,27928.36,191.84619
2023-04-08,27928.36,28170.09,27882.14,27956.26,167.75204
2023-04-09,27951.29,28545.07,27809.01,28338.15,307.4431
2023-04-10,28338.15,29800.0,28185.43,29657.37,721.73241
2023-04-11,29657.76,30591.9,29620.8,30236.61,847.8803
2023-04-12,30243.65,30500.0,29687.23,29907.05,609.20594
2023-04-13,29916.77,30613.9,29880.14,30414.05,852.43611
2023-04-14,30406.5,31045.25,30006.4,30494.24,1078.19919
2023-04-15,30494.23,30625.42,30237.04,30318.17,404.38831
2023-04-16,30318.17,30925.04,30151.22,30327.67,586.61636
2023-04-17,30326.36,30340.55,29260.28,29449.34,872.20438
2023-04-18,29450.78,30495.51,29127.59,30392.8,967.7009
2023-04-19,30392.63,30428.37,28591.69,28821.6,1083.52509
2023-04-20,28812.71,29094.49,28006.4,28239.0,662.21705
2023-04-21,28242.85,28368.57,27134.74,27261.76,818.36438
2023-04-22,27260.47,27880.48,27138.41,27812.36,370.40484
2023-04-23,27805.83,27812.69,27331.57,27592.99,273.40355
2023-04-24,27590.32,27994.14,26950.0,27509.12,703.17591
2023-04-25,27517.59,28394.63,27198.7,28302.63,634.36166
2023-04-26,28303.69,30018.81,27230.64,28420.46,1581.54903
2023-04-27,28420.46,29894.96,28395.25,29487.51,1236.98793
2023-04-28,29487.82,29599.62,28909.57,29331.97,417.34437
2023-04-29,29344.8,29463.14,29044.14,29249.61,154.72197
2023-04-30,29244.81,29969.77,29103.94,29226.94,253.23334
2023-05-01,29243.12,29349.53,27669.6,28072.57,614.20081
2023-05-02,28072.64,28919.94,27878.31,28683.02,558.34876
2023-05-03,28683.02,29269.55,28123.91,29032.69,492.63277
2023-05-04,29036.65,29408.7,28684.58,28852.7,580.99869
2023-05-05,28849.94,29698.97,28764.07,29532.81,615.1219
2023-05-06,29531.72,29879.7,28363.17,28882.3,519.16946
2023-05-07,28899.66,29177.22,28412.88,28458.48,320.97099
2023-05-08,28460.43,28669.72,27290.4,27693.02,685.47492
2023-05-09,27694.6,27832.26,27368.21,27645.93,446.7165
2023-05-10,27649.11,28322.98,26800.0,27614.01,672.06565
2023-05-11,27611.99,27636.28,26722.3,26985.06,539.63404
2023-05-12,26985.06,27096.33,25826.69,26804.97,1387.83775
2023-05-13,26808.69,27056.64,26703.29,26782.24,265.33659
2023-05-14,26792.4,27212.56,26597.32,26931.49,266.28519
2023-05-15,26930.38,27676.26,26750.0,27163.94,627.22518
2023-05-16,27168.75,27301.32,26865.27,27036.82,526.74151
2023-05-17,27037.68,27506.89,26548.22,27403.4,593.19363
2023-05-18,27412.16,27482.25,26373.03,26825.36,363.38685
2023-05-19,26821.55,27178.78,26643.72,26892.38,309.3318
2023-05-20,26887.49,27156.08,26831.74,27114.58,149.3644
2023-05-21,27111.31,27286.51,26660.67,26752.18,204.04641
2023-05-22,26751.6,27103.06,26540.86,26858.0,480.61175
2023-05-23,26858.5,27512.01,26808.71,27224.51,425.0104
2023-05-24,27224.1,27224.1,26084.6,26328.1,747.31384
2023-05-25,26327.09,26629.8,25877.0,26476.39,440.28833
2023-05-26,26475.47,26938.33,26324.05,26713.68,530.41758
2023-05-27,26713.31,26897.97,26560.0,26863.9,182.31326
2023-05-28,26867.97,28265.25,26751.99,28068.1,563.56991
2023-05-29,28068.1,28451.0,27541.81,27746.98,509.62107
2023-05-30,27744.84,28049.9,27564.94,27705.07,356.20489
2023-05-31,27698.62,27841.3,26849.27,27222.91,373.55612
2023-06-01,27218.27,27355.02,26622.32,26816.27,300.6393
2023-06-02,26822.41,27306.39,26506.81,27256.44,330.15978
2023-06-03,27251.04,27336.56,26929.67,27084.48,178.54626
2023-06-04,27077.43,27465.0,26963.13,27128.08,147.66656
2023-06-05,27115.59,27134.55,25420.0,25738.44,501.06224
2023-06-06,25731.53,27362.79,25357.01,27235.0,576.62159
2023-06-07,27241.97,27394.76,26130.62,26352.68,455.46029
2023-06-08,26342.46,26817.49,26218.34,26504.6,243.17857
2023-06-09,26504.61,26777.37,26253.79,26476.77,189.38392
2023-06-10,26479.91,26528.94,25398.58,25856.22,415.54581
2023-06-11,25856.23,26209.71,25653.26,25938.66,149.13242
2023-06-12,25934.8,26111.76,25637.5,25912.01,196.77641
2023-06-13,25911.22,26435.4,25718.06,25932.9,273.56043
2023-06-14,25928.76,26084.77,24824.0,25128.34,339.33504
2023-06-15,25128.33,25985.0,24750.01,25573.74,840.40263
2023-06-16,25573.74,26502.06,25166.7,26331.71,676.66396
2023-06-17,26328.88,26808.09,26164.57,26504.5,272.91004
2023-06-18,26508.28,26689.99,26206.29,26336.34,188.44334
2023-06-19,26336.33,27050.0,26253.36,26841.53,347.25204
2023-06-20,26838.41,28410.64,26643.72,28313.76,1035.60605
2023-06-21,28315.9,30793.43,28263.84,30004.19,1428.52618
2023-06-22,29996.43,30500.0,29555.0,29894.73,932.36968
2023-06-23,29887.57,31461.99,29808.63,30710.13,1518.46438
2023-06-24,30709.57,30813.4,30267.0,30544.73,330.92381
2023-06-25,30545.14,31052.7,30265.75,30473.45,257.00816
2023-06-26,30480.4,30660.66,29913.82,30271.64,483.60402
2023-06-27,30272.7,31015.9,30188.78,30687.51,555.15423
2023-06-28,30705.46,30716.04,29855.0,30090.98,423.67591
2023-06-29,30076.42,30836.68,30040.86,30444.2,417.93079
2023-06-30,30442.64,31272.89,29500.0,30475.1,1379.84661
2023-07-01,30467.09,30658.15,30318.76,30582.82,176.73053
2023-07-02,30585.47,30787.88,30172.95,30614.66,285.98186
2023-07-03,30614.67,31394.03,30572.51,31154.03,619.39079
2023-07-04,31165.6,31328.54,30632.06,30771.34,667.81526
2023-07-05,30772.13,30887.06,30200.0,30512.19,491.53102
2023-07-06,30501.24,31544.21,29858.14,29906.41,1295.84038
2023-07-07,29904.4,30451.15,29718.06,30346.95,782.3583
2023-07-08,30346.95,30388.76,30050.68,30293.0,283.13826
2023-07-09,30291.0,30448.7,30060.87,30169.7,265.44323
2023-07-10,30169.71,31045.18,29960.22,30417.84,1024.38619
2023-07-11,30418.41,30813.67,30307.28,30625.48,875.7201
2023-07-12,30623.48,30963.88,30211.93,30380.09,875.5076
2023-07-13,30380.1,31826.11,30251.4,31467.47,1049.886
2023-07-14,31468.36,31641.59,29918.01,30328.91,765.97038
2023-07-15,30329.61,30412.74,30251.54,30300.61,340.25551
2023-07-16,30297.58,30464.6,30073.19,30247.31,230.24725
2023-07-17,30238.18,30354.44,29666.71,30144.75,444.27468
2023-07-18,30144.73,30246.73,29579.33,29863.09,653.90059
2023-07-19,29864.69,30191.64,29762.73,29912.87,462.09034
2023-07-20,29910.22,30424.32,29550.0,29804.82,628.72153
2023-07-21,29800.94,30059.64,29728.37,29901.52,284.11003
2023-07-22,29904.75,30002.81,29629.26,29793.49,166.78843
2023-07-23,29794.55,30349.14,29735.67,30094.75,275.20534
2023-07-24,30082.5,30096.67,28821.71,29178.79,754.25189
2023-07-25,29173.93,29381.62,29047.97,29226.35,265.97893
2023-07-26,29224.39,29680.56,29072.3,29353.96,492.58978
2023-07-27,29350.95,29569.02,29083.29,29215.37,227.50134
2023-07-28,29215.68,29526.69,29116.64,29311.46,233.18645
2023-07-29,29310.53,29407.46,29257.46,29360.04,115.32175
2023-07-30,29356.46,29445.19,29010.0,29278.67,247.41174
2023-07-31,29279.05,29522.01,29115.32,29230.04,183.53477
2023-08-01,29230.03,29722.73,28564.1,29690.68,687.11604
2023-08-02,29699.85,30057.47,28917.2,29164.59,619.06678
2023-08-03,29167.56,29396.38,28942.38,29171.93,567.72414
2023-08-04,29171.79,29308.28,28770.78,29075.11,317.78118
2023-08-05,29075.09,29110.06,28946.89,29046.6,73.32783
2023-08-06,29046.6,29161.85,28960.15,29042.97,117.37156
2023-08-07,29042.97,29244.28,28667.88,29180.19,456.96287
2023-08-08,29179.61,30224.07,29111.89,29761.16,645.6223
2023-08-09,29763.02,30124.41,29358.21,29562.82,487.56942
2023-08-10,29562.82,29708.87,29304.13,29427.22,340.69632
2023-08-11,29427.22,29529.66,29222.55,29398.85,225.19584
2023-08-12,29398.85,29467.81,29353.93,29414.27,99.82261
2023-08-13,29413.34,29446.74,29250.0,29281.43,85.34226
2023-08-14,29281.1,29657.61,29079.15,29400.82,419.13834
2023-08-15,29400.82,29459.49,29047.37,29170.96,241.43449
2023-08-16,29169.0,29228.09,28691.73,28698.49,516.14442
2023-08-17,28698.53,28751.64,25002.0,26624.1,1706.5249
2023-08-18,26613.56,26825.12,25620.98,26045.23,1196.7259
2023-08-19,26045.24,26262.81,25792.39,26095.44,472.84884
2023-08-20,26095.44,26296.15,25975.73,26190.06,282.20799
2023-08-21,26188.52,26248.59,25813.87,26122.69,810.59238
2023-08-22,26122.72,26137.4,25350.0,26033.24,1445.75209
2023-08-23,26043.16,26800.0,25801.01,26437.15,1280.01516
2023-08-24,26426.53,26561.74,25858.47,26165.83,418.93668
2023-08-25,26164.57,26295.93,25774.0,26046.73,259.93733
2023-08-26,26043.14,26108.2,25967.22,26007.48,74.52861
2023-08-27,26003.82,26167.55,25953.07,26087.31,90.03103
2023-08-28,26088.16,26238.0,25850.0,26101.59,270.18645
2023-08-29,26101.6,28121.37,25905.0,27723.23,787.90994
2023-08-30,27724.67,27767.56,27020.0,27298.89,447.67454
2023-08-31,27299.86,27671.73,25652.01,25930.84,477.35272
2023-09-01,25934.0,26143.59,25317.31,25795.06,388.78886
2023-09-02,25799.21,25978.14,25740.01,25867.52,213.05393
2023-09-03,25873.71,26128.71,25800.0,25969.59,254.34933
2023-09-04,25969.6,26097.41,25618.61,25805.32,240.52358
2023-09-05,25816.48,25889.5,25564.0,25781.96,298.07387
2023-09-06,25772.69,26013.68,25342.72,25747.12,272.77499
2023-09-07,25746.41,26449.48,25601.15,26247.23,296.68088
2023-09-08,26247.23,26430.41,25662.02,25902.73,495.96515
2023-09-09,25902.73,25940.61,25787.46,25893.55,116.01065
2023-09-10,25895.59,26022.93,25563.32,25832.05,168.32092
2023-09-11,25833.26,25893.87,24899.0,25151.71,687.06655
2023-09-12,25151.71,26579.62,25129.42,25843.67,1040.96202
2023-09-13,25833.43,26403.35,25767.43,26224.18,543.94771
2023-09-14,26224.72,26871.47,26120.37,26525.48,709.72243
2023-09-15,26526.38,26886.13,26224.17,26601.63,448.46322
2023-09-16,26599.33,26771.38,26449.82,26564.05,189.97301
2023-09-17,26566.67,26625.78,26406.29,26533.06,133.24276
2023-09-18,26532.74,27418.04,26381.29,26776.25,678.3414
2023-09-19,26763.62,27489.59,26675.81,27207.21,504.73644
2023-09-20,27217.59,27394.04,26800.0,27126.61,484.82759
2023-09-21,27126.67,27155.34,26375.19,26569.48,368.64143
2023-09-22,26569.08,26735.3,26471.03,26579.33,229.99014
2023-09-23,26579.34,26635.77,26512.6,26578.79,90.25069
2023-09-24,26578.78,26733.52,26139.15,26253.2,182.96457
2023-09-25,26244.99,26445.16,25992.01,26296.75,527.83561
2023-09-26,26296.75,26391.82,26083.58,26207.39,222.61224
2023-09-27,26207.4,26827.89,26093.91,26353.15,536.00769
2023-09-28,26353.15,27293.38,26322.83,27021.51,679.84782
2023-09-29,27023.91,27235.4,26673.79,26906.19,432.14959
2023-09-30,26906.18,27090.65,26885.13,26966.23,151.53373
2023-10-01,26966.22,28049.39,26956.71,27984.22,331.36789
2023-10-02,27995.74,28590.83,27294.92,27500.7,1022.59865
2023-10-03,27502.9,27673.75,27170.07,27432.3,549.88873
2023-10-04,27430.23,27835.16,27203.49,27784.16,469.60891
2023-10-05,27783.55,28129.57,27361.06,27412.69,406.40499
2023-10-06,27414.24,28294.46,27185.64,27949.0,380.58255
2023-10-07,27949.7,28034.95,27853.74,27969.65,104.01128
2023-10-08,27971.08,28110.58,27711.19,27934.94,179.5813
2023-10-09,27932.95,27998.46,27270.57,27593.5,424.74384
2023-10-10,27594.85,27736.71,27294.97,27390.51,304.19943
2023-10-11,27390.5,27480.08,26529.3,26868.87,472.89353
2023-10-12,26863.24,26938.4,26542.12,26751.89,239.63149
2023-10-13,26748.19,27120.47,26673.09,26859.55,270.01358
2023-10-14,26860.18,26982.58,26790.96,26852.97,101.26983
2023-10-15,26853.82,27294.02,26807.76,27155.95,171.19603
2023-10-16,27158.02,30075.99,27115.98,28515.43,1222.30586
2023-10-17,28512.66,28628.46,28075.0,28405.72,476.38314
2023-10-18,28405.72,28984.27,28154.86,28327.15,517.32538
2023-10-19,28327.15,28943.65,28130.44,28730.92,674.46973
2023-10-20,28733.29,30250.0,28595.85,29686.24,1404.40955
2023-10-21,29686.24,30393.05,29478.21,29922.17,469.74235
2023-10-22,29924.46,30285.35,29671.7,30002.43,340.92768
2023-10-23,30002.55,35141.15,29892.89,33071.98,1759.66404
2023-10-24,33083.09,35254.05,32849.0,33925.44,1798.22987
2023-10-25,33925.54,35133.79,33033.03,34504.34,837.30787
2023-10-26,34504.0,34834.39,33732.4,34155.73,720.98589
2023-10-27,34155.73,34249.03,33407.22,33905.0,439.60268
2023-10-28,33902.1,34492.25,33867.76,34093.33,209.38049
2023-10-29,34086.4,34756.76,33939.08,34533.5,232.25049
2023-10-30,34546.07,34859.28,34079.93,34487.74,803.55433
2023-10-31,34489.06,35100.0,34047.69,34656.42,576.83124
2023-11-01,34653.15,35620.73,34097.14,35426.53,1065.8295
2023-11-02,35435.75,35978.22,34304.79,34943.08,1473.01856
2023-11-03,34946.0,34946.0,34127.46,34734.21,1249.06911
2023-11-04,34731.08,35272.09,34599.26,35079.15,370.24925
2023-11-05,35083.85,35415.06,34465.33,35040.65,438.77355
2023-11-06,35036.05,35287.98,34759.43,35049.73,808.08088
2023-11-07,35056.4,35905.25,34536.58,35417.23,1022.638
2023-11-08,35410.0,36103.61,35105.32,35636.81,978.24347
2023-11-09,35632.64,38027.02,35563.77,36695.72,1825.82263
2023-11-10,36701.97,37548.41,36344.84,37316.24,947.49391
2023-11-11,37334.48,37417.37,36652.91,37160.61,447.67929
2023-11-12,37143.07,37235.84,36721.46,37071.15,273.16542
2023-11-13,37085.26,37432.55,36337.55,36483.14,731.02943
2023-11-14,36475.24,37817.21,34688.0,35562.03,1173.61233
2023-11-15,35553.68,37977.96,35363.84,37867.05,1036.08574
2023-11-16,37876.94,37952.57,35510.42,36157.77,1041.76804
2023-11-17,36167.79,36841.45,35868.5,36626.55,931.23709
2023-11-18,36626.54,36854.99,36202.86,36591.2,404.48426
2023-11-19,36590.25,37524.3,36404.85,37386.15,411.27142
2023-11-20,37385.58,37771.89,36709.49,37475.2,779.32385
2023-11-21,37472.24,37672.31,35750.95,35773.66,1246.56145
2023-11-22,35759.55,37869.61,35645.05,37414.99,1009.01373
2023-11-23,37420.38,37649.55,36881.0,37295.07,659.95845
2023-11-24,37300.87,38435.77,37255.74,37738.62,980.54931
2023-11-25,37744.76,37910.17,37612.96,37803.17,224.42388
2023-11-26,37803.17,37834.98,37164.91,37449.28,369.7735
2023-11-27,37459.8,37578.83,36719.44,37247.26,700.07148
2023-11-28,37241.09,38400.0,36874.84,37834.64,921.39852
2023-11-29,37835.41,38469.59,37590.71,37864.92,888.07607
2023-11-30,37859.57,38148.02,37504.66,37731.99,528.70903
2023-12-01,37733.13,38999.97,37623.7,38701.36,1079.09099
2023-12-02,38700.78,39767.22,38659.88,39470.18,685.1476
2023-12-03,39470.17,40290.1,39295.02,39989.05,698.05445
2023-12-04,39986.55,42409.61,39986.55,41986.4,1907.42759
2023-12-05,41989.46,44500.0,41400.0,44083.26,1841.04771
2023-12-06,44083.27,44328.7,43360.0,43765.39,1418.64849
2023-12-07,43764.15,44102.81,42851.06,43288.22,1347.25614
2023-12-08,43277.22,44734.19,43089.59,44183.3,970.91573
2023-12-09,44183.31,44368.85,43570.0,43724.41,611.81621
2023-12-10,43724.67,44044.44,43572.52,43790.94,431.35967
2023-12-11,43790.93,43808.15,40179.45,41236.34,2318.201
2023-12-12,41231.16,42084.53,40656.98,41474.19,1343.68469
2023-12-13,41486.41,43503.65,40562.53,42880.31,1608.31067
2023-12-14,42880.31,43427.13,41344.9,43035.25,2071.10959
2023-12-15,43030.7,43089.95,41650.56,41934.09,1156.25002
2023-12-16,41938.34,42679.05,41627.83,42241.77,726.11438
2023-12-17,42241.76,42371.36,41220.47,41341.19,1010.25019
2023-12-18,41333.16,42739.24,40508.33,42648.1,1805.78935
2023-12-19,42648.11,43485.61,41786.94,42259.48,1491.67471
2023-12-20,42262.85,44284.37,42196.53,43670.37,1689.4134
2023-12-21,43665.21,44242.6,43298.99,43870.59,1291.56699
2023-12-22,43870.59,44410.37,43427.13,44001.45,1017.07359
2023-12-23,44001.56,44027.27,43335.3,43725.5,453.50682
2023-12-24,43725.5,43965.03,42591.95,43029.46,541.33871
2023-12-25,43020.77,43806.31,42734.58,43580.07,612.60556
2023-12-26,43580.06,43596.15,41600.0,42512.86,1085.83067
2023-12-27,42507.74,43690.75,42115.8,43465.37,1045.9689
2023-12-28,43464.47,43817.21,42284.35,42579.25,1112.00473
2023-12-29,42579.26,43127.77,41284.28,42074.88,1490.87196
2023-12-30,42066.87,42605.49,41527.63,42145.99,796.6486
2023-12-31,42145.98,42874.99,41968.57,42274.27,996.35895
2024-01-01,42274.27,44199.99,42181.24,44185.08,831.25289
2024-01-02,44185.1,45917.99,44152.17,44966.4,2075.57807
2024-01-03,44966.4,45521.46,40555.0,42863.17,2224.93663
2024-01-04,42863.16,44798.85,42651.13,44190.77,1790.55598
2024-01-05,44190.77,44392.0,42362.5,44179.33,2482.61049
2024-01-06,44179.34,44250.79,43443.91,43994.18,705.41334
2024-01-07,43991.62,44499.56,43581.5,43949.18,678.55169
2024-01-08,43952.73,47300.0,43208.3,46989.98,1651.59327
2024-01-09,46990.04,48000.0,44563.91,46121.26,1973.88032
2024-01-10,46120.38,47844.0,44295.29,46662.46,2801.78384
2024-01-11,46665.71,49000.0,45558.34,46347.41,2356.10384
2024-01-12,46342.22,46523.92,41382.95,42765.79,2298.17065
2024-01-13,42770.74,43244.75,42417.54,42842.43,1389.84503
2024-01-14,42839.96,43071.41,41700.0,41709.38,918.083
2024-01-15,41700.0,43343.02,41685.32,42489.69,1650.5938
2024-01-16,42485.03,43564.0,42006.32,43124.92,2037.11206
2024-01-17,43124.92,43186.24,42165.89,42733.05,1681.81738
2024-01-18,42733.05,42875.88,40600.0,41281.29,2151.86526
2024-01-19,41286.0,42144.29,40250.0,41622.0,2204.11796
2024-01-20,41622.01,41830.0,41421.6,41666.14,534.44808
2024-01-21,41665.99,41854.45,41476.03,41555.4,334.16807
2024-01-22,41553.64,41656.0,39322.0,39517.69,2400.07702
2024-01-23,39521.03,40135.9,38508.01,39871.07,1691.97662
2024-01-24,39866.24,40521.95,39466.67,40068.01,1313.11047
2024-01-25,40068.0,40279.73,39513.86,39937.82,1581.77588
2024-01-26,39937.81,42232.2,39804.87,41810.43,1939.0958
2024-01-27,41811.99,42194.63,41379.94,42119.41,815.78159
2024-01-28,42121.47,42831.67,41611.83,42026.53,1268.34409
2024-01-29,42026.54,43340.0,41792.83,43299.91,1508.04398
2024-01-30,43299.92,43916.0,42665.8,42942.26,1621.66181
2024-01-31,42944.13,43752.37,42268.01,42556.57,1190.32521
2024-02-01,42547.37,43293.01,41846.0,43067.1,916.86736
2024-02-02,43072.35,43485.13,42526.47,43179.03,1100.84738
2024-02-03,43178.54,43355.86,42867.12,42996.96,282.73859
2024-02-04,43002.49,43098.21,42196.76,42561.28,307.91903
2024-02-05,42567.25,43528.0,42232.98,42651.91,862.50542
2024-02-06,42654.53,43350.91,42520.36,43087.71,780.44745
2024-02-07,43088.0,44389.01,42754.5,44339.99,892.76933
2024-02-08,44340.22,45615.28,44320.41,45298.58,866.01884
2024-02-09,45298.47,48250.0,43723.0,47152.96,1792.31639
2024-02-10,47157.44,48172.24,46864.5,47764.66,447.97553
2024-02-11,47764.65,48600.0,47575.68,48314.26,503.92574
2024-02-12,48316.65,50350.0,47719.39,49934.88,1211.77757
2024-02-13,49934.88,50388.0,48303.0,49723.55,1141.408
2024-02-14,49723.01,52066.47,49255.64,51836.0,1167.97024
2024-02-15,51842.0,52843.76,51363.35,51930.26,1028.24634
2024-02-16,51930.26,52594.43,51600.0,52160.35,1175.05209
2024-02-17,52160.35,52203.34,50632.29,51660.85,537.30388
2024-02-18,51660.84,52408.02,51136.15,52149.98,378.84791
2024-02-19,52153.26,52498.0,51671.46,51784.01,414.11694
2024-02-20,51784.25,52999.99,50760.0,52277.98,1040.07246
2024-02-21,52274.61,52374.58,50555.0,51854.0,827.37028
2024-02-22,51852.03,52062.01,50909.37,51256.01,866.31134
2024-02-23,51256.01,51509.99,50500.0,50733.49,782.62987
2024-02-24,50735.74,51691.99,50584.1,51565.95,288.65689
2024-02-25,51566.21,51986.59,51271.4,51720.0,280.08153
2024-02-26,51730.26,54977.87,50895.42,54518.01,1252.35948
2024-02-27,54518.01,57620.0,54490.01,57061.63,1724.48093
2024-02-28,57061.63,64140.67,56723.23,62504.44,2154.86069
2024-02-29,62501.89,63687.68,60288.0,61176.09,1673.03539
2024-03-01,61171.97,63193.69,60792.96,62434.25,1037.06606
2024-03-02,62433.12,62508.08,61605.83,62042.34,547.4741
2024-03-03,62042.33,63259.04,61359.63,63148.45,391.60664
2024-03-04,63143.11,68594.5,62228.8,68336.87,1735.33238
2024-03-05,68337.21,69222.52,59112.0,63803.49,3368.07007
2024-03-06,63803.5,67655.97,62834.01,66112.32,2152.68987
2024-03-07,66117.23,68065.43,65595.99,66935.66,1189.88656
2024-03-08,66935.67,70315.2,66025.81,68276.39,2569.2904
2024-03-09,68276.39,68722.11,68033.68,68458.23,619.13236
2024-03-10,68458.71,70024.0,68198.33,69029.99,924.71479
2024-03-11,69029.99,72891.99,67000.0,72096.46,2339.02162
2024-03-12,72103.98,73000.0,68579.82,71467.43,1409.1058
2024-03-13,71465.8,73676.0,71340.01,73123.31,1167.2557
2024-03-14,73116.55,73816.97,68505.56,71368.0,1265.18767
2024-03-15,71374.46,72390.76,65450.0,69504.01,2898.57401
2024-03-16,69512.0,70045.19,64700.16,65256.02,1044.15143
2024-03-17,65254.0,68862.72,64500.0,68344.0,851.86137
2024-03-18,68343.73,68916.0,66500.0,67607.98,982.50632
2024-03-19,67606.83,68115.47,61501.98,61900.01,2885.48213
2024-03-20,61900.0,68151.01,60750.0,67854.0,3270.71349
2024-03-21,67843.99,68251.55,64500.0,65485.53,1852.26489
2024-03-22,65485.52,66640.21,62200.0,63844.36,1941.83738
2024-03-23,63825.31,65994.01,62995.84,63997.99,1104.92122
2024-03-24,63998.1,67630.71,63766.4,67178.73,883.55718
2024-03-25,67201.99,71224.99,66369.84,69897.93,1161.41572
2024-03-26,69894.11,71573.37,69301.38,69980.0,713.61849
2024-03-27,69982.08,71787.47,68224.62,69427.66,815.59752
2024-03-28,69427.66,71558.09,68848.58,70796.0,546.53701
2024-03-29,70796.01,70923.49,69043.0,69894.0,566.87779
2024-03-30,69890.0,70354.8,69576.32,69609.64,229.70927
2024-03-31,69612.96,71382.13,69591.79,71308.0,380.97287
2024-04-01,71288.01,71301.68,68066.79,69689.83,555.88818
2024-04-02,69677.99,69703.97,64575.0,65471.27,1020.10753
2024-04-03,65477.34,66944.0,64500.0,65986.02,730.25916
2024-04-04,65987.99,69344.0,65091.44,68514.0,535.361
2024-04-05,68516.0,68797.12,65999.04,67853.26,544.51437
2024-04-06,67852.0,69683.99,67482.3,68900.16,232.46881
2024-04-07,68902.68,70329.29,68840.0,69357.99,282.69976
2024-04-08,69357.24,72758.94,69026.6,71623.99,706.12338
2024-04-09,71616.35,71752.01,68181.45,69127.84,660.68915
2024-04-10,69125.01,71161.49,67457.03,70625.08,682.40671
2024-04-11,70627.27,71308.32,69555.4,70009.84,863.29424
2024-04-12,70009.84,71238.88,65005.0,67120.26,1044.95599
2024-04-13,67135.5,67949.32,60002.1,64000.0,1636.27045
2024-04-14,63996.0,65903.67,62166.07,65732.05,1421.35208
2024-04-15,65728.01,66950.63,62322.31,63427.99,1215.36354
2024-04-16,63449.24,64392.44,61641.34,63820.0,975.80472
2024-04-17,63820.0,64507.08,59676.87,61273.46,910.59187
2024-04-18,61272.43,64240.49,60813.27,63500.0,960.04358
2024-04-19,63499.99,65582.69,59610.57,63818.0,1371.80407
2024-04-20,63842.0,65453.63,63120.0,64962.57,514.90567
2024-04-21,64962.01,65723.99,64241.27,64937.98,482.42032
2024-04-22,64944.01,67256.0,64522.43,66847.99,732.36859
2024-04-23,66836.51,67215.98,65824.0,66420.0,642.02935
2024-04-24,66418.23,67070.0,63541.35,64252.0,767.27766
2024-04-25,64250.0,65359.34,62752.0,64487.72,823.6847
2024-04-26,64486.86,64794.0,63288.02,63745.99,643.64656
2024-04-27,63745.99,63899.88,62361.43,63421.93,502.41712
2024-04-28,63421.94,64324.75,62749.76,63097.14,365.60659
2024-04-29,63072.01,64182.0,61759.0,63837.42,706.82007
2024-04-30,63852.0,64708.5,59103.99,60620.0,1423.94578
2024-05-01,60618.01,60777.99,56500.0,58265.56,2879.25765
2024-05-02,58267.89,59638.02,56893.92,59066.67,1608.73397
2024-05-03,59071.99,63374.85,58822.0,62902.01,1522.69953
2024-05-04,62902.0,64551.31,62561.75,63898.01,1104.99889
2024-05-05,63903.97,64656.89,62882.07,64018.01,810.02767
2024-05-06,64026.19,65565.74,62694.66,63170.0,1572.2173
2024-05-07,63167.99,64429.2,62246.8,62318.0,1310.12221
2024-05-08,62312.88,63016.0,60859.02,61176.01,1432.8574
2024-05-09,61154.61,63427.08,60600.0,63065.98,1155.53792
2024-05-10,63065.98,63461.25,60162.49,60789.09,1204.20771
2024-05-11,60789.08,61081.48,60447.51,60703.27,248.55505
